TempoID;RegionalID;CaixaValor;Movimentos;CaixaSaldoDia
1;1;11167.93;10;11167.93
1;2;-2574.27;10;-2574.27
1;3;2830.66;13;2830.66
1;4;15999.47;16;15999.47
1;5;7027.61;15;7027.61
2;1;9139.57;17;9139.57
2;2;7321.27;20;7321.27
2;3;11395.73;13;11395.73
2;4;5551.34;12;5551.34
2;5;7345.02;15;7345.02
3;1;6780.02;15;6780.02
3;2;8486.66;18;8486.66
3;3;4795.33;13;4795.33
3;4;6510.66;18;6510.66
3;5;7302.17;12;7302.17
4;1;4724.41;18;4724.41
4;2;7476.15;9;7476.15
4;3;8414.24;14;8414.24
4;4;4733.54;13;4733.54
4;5;12214.29;16;12214.29
5;1;4884.94;7;4884.94
5;2;5492.55;10;5492.55
5;3;-271.93;12;-271.93
5;4;3799.41;18;3799.41
5;5;3850.27;12;3850.27
6;1;207.19;7;207.19
6;2;8133.02;11;8133.02
6;3;4750.77;19;4750.77
6;4;2272.83;10;2272.83
6;5;5430.47;11;5430.47
7;1;3342.56;9;3342.56
7;2;9440.21;13;9440.21
7;3;19379.89;17;19379.89
7;4;6135.05;12;6135.05
7;5;13790.19;12;13790.19
8;1;11855.51;11;11855.51
8;2;3661.22;13;3661.22
8;3;-3410.22;7;-3410.22
8;4;-1972.66;7;-1972.66
8;5;13018.94;13;13018.94
9;1;15670.21;20;15670.21
9;2;9648.22;9;9648.22
9;3;8763.93;9;8763.93
9;4;3387.87;16;3387.87
9;5;5438.61;11;5438.61
10;1;2750.79;15;2750.79
10;2;6115.96;14;6115.96
10;3;6871.98;14;6871.98
10;4;14041.73;15;14041.73
10;5;-2769.18;7;-2769.18
11;1;-1438.65;9;-1438.65
11;2;3995.95;10;3995.95
11;3;5844.42;17;5844.42
11;4;6775.26;9;6775.26
11;5;859.90;14;859.90
12;1;11238.99;13;11238.99
12;2;4374.29;10;4374.29
12;3;8929.49;13;8929.49
12;4;7931.06;11;7931.06
12;5;20310.72;17;20310.72
13;1;3595.01;5;3595.01
13;2;-2673.82;14;-2673.82
13;3;6785.77;14;6785.77
13;4;-138.18;15;-138.18
13;5;11297.06;21;11297.06
14;1;2700.28;13;2700.28
14;2;3849.68;7;3849.68
14;3;-699.95;14;-699.95
14;4;11206.19;14;11206.19
14;5;10836.18;9;10836.18
15;1;19443.82;17;19443.82
15;2;25695.78;17;25695.78
15;3;4279.29;13;4279.29
15;4;3914.71;9;3914.71
15;5;8794.12;15;8794.12
16;1;6020.28;7;6020.28
16;2;393.47;11;393.47
16;3;13367.31;13;13367.31
16;4;10253.70;12;10253.70
16;5;5571.27;17;5571.27
17;1;-3623.50;16;-3623.50
17;2;6337.46;17;6337.46
17;3;3072.14;17;3072.14
17;4;1162.14;15;1162.14
17;5;11486.42;16;11486.42
18;1;10890.23;16;10890.23
18;2;5155.40;11;5155.40
18;3;5832.52;9;5832.52
18;4;5485.59;14;5485.59
18;5;-218.20;18;-218.20
19;1;11353.64;15;11353.64
19;2;4012.86;12;4012.86
19;3;12778.92;11;12778.92
19;4;5570.36;16;5570.36
19;5;3567.56;13;3567.56
20;1;9285.41;16;9285.41
20;2;16918.07;17;16918.07
20;3;5840.75;10;5840.75
20;4;5487.10;10;5487.10
20;5;7114.67;11;7114.67
21;1;13699.79;12;13699.79
21;2;8100.41;12;8100.41
21;3;9091.61;18;9091.61
21;4;16642.48;15;16642.48
21;5;5463.38;19;5463.38
22;1;10678.86;20;10678.86
22;2;8366.94;10;8366.94
22;3;3568.19;12;3568.19
22;4;6449.37;11;6449.37
22;5;13300.18;16;13300.18
23;1;11681.21;14;11681.21
23;2;7302.63;15;7302.63
23;3;1270.42;9;1270.42
23;4;2672.33;10;2672.33
23;5;27993.51;19;27993.51
24;1;4903.34;19;4903.34
24;2;10795.64;11;10795.64
24;3;10304.33;9;10304.33
24;4;-685.43;13;-685.43
24;5;9419.09;12;9419.09
25;1;4296.52;8;4296.52
25;2;8320.09;11;8320.09
25;3;6283.27;9;6283.27
25;4;14271.76;15;14271.76
25;5;12770.73;11;12770.73
26;1;-421.24;16;-421.24
26;2;7117.52;15;7117.52
26;3;9297.13;19;9297.13
26;4;7166.15;10;7166.15
26;5;9421.43;11;9421.43
27;1;4658.51;10;4658.51
27;2;6574.92;12;6574.92
27;3;6958.25;11;6958.25
27;4;15621.20;18;15621.20
27;5;3761.85;16;3761.85
28;1;-1548.54;10;-1548.54
28;2;9053.72;9;9053.72
28;3;9169.03;13;9169.03
28;4;13938.25;18;13938.25
28;5;7376.76;17;7376.76
29;1;7620.60;9;7620.60
29;2;9821.42;11;9821.42
29;3;5673.44;14;5673.44
29;4;6328.27;16;6328.27
29;5;8614.05;14;8614.05
30;1;7890.08;19;7890.08
30;2;5719.52;17;5719.52
30;3;5813.90;9;5813.90
30;4;9512.88;17;9512.88
30;5;4589.06;13;4589.06
31;1;9028.31;16;9028.31
31;2;16625.11;18;16625.11
31;3;1025.46;12;1025.46
31;4;7792.51;17;7792.51
31;5;387.71;14;387.71
32;1;9707.61;16;9707.61
32;2;18537.86;15;18537.86
32;3;19115.59;23;19115.59
32;4;-1086.99;15;-1086.99
32;5;5033.11;13;5033.11
33;1;1576.06;13;1576.06
33;2;-509.02;9;-509.02
33;3;-489.22;11;-489.22
33;4;9686.83;12;9686.83
33;5;2120.59;16;2120.59
34;1;305.26;5;305.26
34;2;15156.52;17;15156.52
34;3;8028.88;10;8028.88
34;4;4314.33;14;4314.33
34;5;924.84;11;924.84
35;1;6081.65;12;6081.65
35;2;-252.20;22;-252.20
35;3;7343.92;11;7343.92
35;4;326.08;18;326.08
35;5;9124.62;16;9124.62
36;1;503.22;16;503.22
36;2;11957.07;16;11957.07
36;3;5388.83;9;5388.83
36;4;6133.58;7;6133.58
36;5;11014.95;7;11014.95
37;1;6032.04;15;6032.04
37;2;14553.52;11;14553.52
37;3;-178.46;15;-178.46
37;4;7550.48;13;7550.48
37;5;-2278.89;7;-2278.89
38;1;13166.74;14;13166.74
38;2;4144.45;14;4144.45
38;3;14092.19;9;14092.19
38;4;784.29;9;784.29
38;5;6978.44;12;6978.44
39;1;8260.65;11;8260.65
39;2;5844.22;15;5844.22
39;3;7651.49;17;7651.49
39;4;7407.66;13;7407.66
39;5;5032.61;13;5032.61
40;1;4771.55;12;4771.55
40;2;8359.54;14;8359.54
40;3;3419.81;14;3419.81
40;4;1649.20;13;1649.20
40;5;997.31;14;997.31
41;1;2043.60;12;2043.60
41;2;1683.64;17;1683.64
41;3;2459.83;14;2459.83
41;4;9234.31;15;9234.31
41;5;1606.54;13;1606.54
42;1;5559.85;10;5559.85
42;2;5785.96;11;5785.96
42;3;7747.68;11;7747.68
42;4;301.39;6;301.39
42;5;17995.91;17;17995.91
43;1;6157.18;11;6157.18
43;2;5755.19;12;5755.19
43;3;4415.98;7;4415.98
43;4;7089.88;16;7089.88
43;5;11807.17;15;11807.17
44;1;10769.45;16;10769.45
44;2;5072.61;10;5072.61
44;3;7576.28;18;7576.28
44;4;5505.05;11;5505.05
44;5;2540.54;9;2540.54
45;1;11903.43;9;11903.43
45;2;9075.15;6;9075.15
45;3;3453.48;13;3453.48
45;4;7273.06;10;7273.06
45;5;12198.78;22;12198.78
46;1;1369.81;14;1369.81
46;2;16486.54;11;16486.54
46;3;12106.00;16;12106.00
46;4;15736.80;17;15736.80
46;5;6915.25;15;6915.25
47;1;-644.94;10;-644.94
47;2;7819.21;12;7819.21
47;3;14916.89;17;14916.89
47;4;7663.74;16;7663.74
47;5;4884.39;16;4884.39
48;1;-163.78;12;-163.78
48;2;14152.26;14;14152.26
48;3;2758.11;15;2758.11
48;4;3977.24;14;3977.24
48;5;1091.00;16;1091.00
49;1;6223.40;9;6223.40
49;2;-3313.97;17;-3313.97
49;3;-714.25;14;-714.25
49;4;4766.63;18;4766.63
49;5;16871.64;19;16871.64
50;1;11148.03;15;11148.03
50;2;-5256.35;15;-5256.35
50;3;8111.47;15;8111.47
50;4;6874.16;11;6874.16
50;5;10734.56;15;10734.56
51;1;9991.89;16;9991.89
51;2;3817.37;6;3817.37
51;3;12834.46;15;12834.46
51;4;6214.83;14;6214.83
51;5;8704.47;17;8704.47
52;1;6644.62;16;6644.62
52;2;4468.60;14;4468.60
52;3;9350.58;15;9350.58
52;4;7339.30;11;7339.30
52;5;3315.87;16;3315.87
53;1;8583.75;15;8583.75
53;2;8859.95;10;8859.95
53;3;8987.25;12;8987.25
53;4;10454.90;19;10454.90
53;5;-43.28;14;-43.28
54;1;9543.51;9;9543.51
54;2;-249.81;10;-249.81
54;3;2231.82;12;2231.82
54;4;6434.08;6;6434.08
54;5;10608.28;14;10608.28
55;1;8638.60;14;8638.60
55;2;3010.68;12;3010.68
55;3;142.26;12;142.26
55;4;8365.24;20;8365.24
55;5;12.54;17;12.54
56;1;2683.35;8;2683.35
56;2;10557.13;15;10557.13
56;3;6046.87;12;6046.87
56;4;892.98;15;892.98
56;5;2597.46;13;2597.46
57;1;11416.33;18;11416.33
57;2;4957.02;12;4957.02
57;3;5521.87;16;5521.87
57;4;1132.81;8;1132.81
57;5;-3207.21;11;-3207.21
58;1;4983.10;9;4983.10
58;2;5999.63;8;5999.63
58;3;5493.49;12;5493.49
58;4;9843.95;11;9843.95
58;5;2493.63;17;2493.63
59;1;17987.80;23;17987.80
59;2;5925.89;14;5925.89
59;3;8205.74;15;8205.74
59;4;5704.54;9;5704.54
59;5;7901.96;13;7901.96
60;1;14347.23;15;14347.23
60;2;2227.94;11;2227.94
60;3;4494.06;11;4494.06
60;4;1369.95;5;1369.95
60;5;15516.69;15;15516.69
61;1;13732.35;17;13732.35
61;2;1116.10;14;1116.10
61;3;11435.24;11;11435.24
61;4;-5427.18;8;-5427.18
61;5;10155.51;16;10155.51
62;1;5490.47;13;5490.47
62;2;7320.50;15;7320.50
62;3;702.70;11;702.70
62;4;5895.73;17;5895.73
62;5;8829.38;11;8829.38
63;1;-2632.38;12;-2632.38
63;2;5827.33;12;5827.33
63;3;1169.54;12;1169.54
63;4;13832.35;14;13832.35
63;5;1170.78;13;1170.78
64;1;5963.17;15;5963.17
64;2;4897.10;8;4897.10
64;3;3676.37;14;3676.37
64;4;5074.81;18;5074.81
64;5;20545.27;16;20545.27
65;1;5541.69;16;5541.69
65;2;17063.06;19;17063.06
65;3;4677.80;9;4677.80
65;4;-980.46;13;-980.46
65;5;4910.92;17;4910.92
66;1;-700.88;9;-700.88
66;2;4114.08;16;4114.08
66;3;7550.43;20;7550.43
66;4;3514.90;10;3514.90
66;5;2160.05;11;2160.05
67;1;-6537.12;13;-6537.12
67;2;15965.57;11;15965.57
67;3;6553.60;15;6553.60
67;4;9276.60;23;9276.60
67;5;11424.40;8;11424.40
68;1;7359.96;13;7359.96
68;2;265.15;15;265.15
68;3;11277.47;14;11277.47
68;4;16485.45;12;16485.45
68;5;11822.16;20;11822.16
69;1;8416.74;15;8416.74
69;2;9011.44;13;9011.44
69;3;4811.39;14;4811.39
69;4;3434.62;5;3434.62
69;5;3410.19;18;3410.19
70;1;1219.99;8;1219.99
70;2;9709.95;14;9709.95
70;3;9802.79;14;9802.79
70;4;4070.31;15;4070.31
70;5;-4728.79;15;-4728.79
71;1;8486.81;21;8486.81
71;2;-5016.87;17;-5016.87
71;3;14158.65;11;14158.65
71;4;2018.50;11;2018.50
71;5;1885.49;9;1885.49
72;1;17016.94;15;17016.94
72;2;6086.55;10;6086.55
72;3;4709.85;12;4709.85
72;4;2709.17;16;2709.17
72;5;-1789.33;13;-1789.33
73;1;9070.34;10;9070.34
73;2;8103.10;13;8103.10
73;3;14835.89;20;14835.89
73;4;5640.64;13;5640.64
73;5;10662.05;8;10662.05
74;1;17828.69;24;17828.69
74;2;5748.29;17;5748.29
74;3;613.62;10;613.62
74;4;10.21;8;10.21
74;5;17546.27;22;17546.27
75;1;83.07;9;83.07
75;2;7794.37;13;7794.37
75;3;15723.90;14;15723.90
75;4;-267.36;9;-267.36
75;5;12064.59;15;12064.59
76;1;9637.23;9;9637.23
76;2;1907.07;13;1907.07
76;3;10057.86;15;10057.86
76;4;10509.54;11;10509.54
76;5;631.26;7;631.26
77;1;8522.56;17;8522.56
77;2;7836.39;21;7836.39
77;3;17971.53;20;17971.53
77;4;13074.90;19;13074.90
77;5;5857.71;11;5857.71
78;1;3367.57;19;3367.57
78;2;4131.99;13;4131.99
78;3;13830.08;11;13830.08
78;4;10173.16;12;10173.16
78;5;4124.73;12;4124.73
79;1;3356.94;17;3356.94
79;2;7767.83;11;7767.83
79;3;11414.54;15;11414.54
79;4;4931.75;11;4931.75
79;5;3085.60;22;3085.60
80;1;11713.44;13;11713.44
80;2;984.45;11;984.45
80;3;1266.43;17;1266.43
80;4;11091.03;18;11091.03
80;5;10203.12;20;10203.12
81;1;-2809.21;7;-2809.21
81;2;5388.04;24;5388.04
81;3;3356.45;17;3356.45
81;4;8628.18;21;8628.18
81;5;-1868.14;15;-1868.14
82;1;1853.26;13;1853.26
82;2;5380.57;16;5380.57
82;3;2582.80;14;2582.80
82;4;10265.98;18;10265.98
82;5;4420.10;11;4420.10
83;1;7598.61;8;7598.61
83;2;11497.32;21;11497.32
83;3;1614.58;6;1614.58
83;4;1758.66;13;1758.66
83;5;2078.12;17;2078.12
84;1;-1300.02;14;-1300.02
84;2;10541.64;19;10541.64
84;3;13092.15;13;13092.15
84;4;448.35;16;448.35
84;5;5863.14;17;5863.14
85;1;13322.36;12;13322.36
85;2;13177.22;14;13177.22
85;3;9931.72;7;9931.72
85;4;9709.16;16;9709.16
85;5;9941.47;12;9941.47
86;1;2856.49;15;2856.49
86;2;-5106.29;11;-5106.29
86;3;4980.15;16;4980.15
86;4;3153.62;13;3153.62
86;5;4691.11;14;4691.11
87;1;13190.43;15;13190.43
87;2;15777.46;14;15777.46
87;3;2850.21;18;2850.21
87;4;5984.61;13;5984.61
87;5;12143.00;13;12143.00
88;1;8532.24;15;8532.24
88;2;20558.07;16;20558.07
88;3;-3286.96;8;-3286.96
88;4;198.21;18;198.21
88;5;11762.13;19;11762.13
89;1;5192.02;14;5192.02
89;2;11989.69;14;11989.69
89;3;8862.65;16;8862.65
89;4;16976.02;19;16976.02
89;5;365.72;16;365.72
90;1;12062.30;17;12062.30
90;2;4003.09;12;4003.09
90;3;3918.31;13;3918.31
90;4;5033.59;17;5033.59
90;5;3303.04;14;3303.04
91;1;7696.53;13;7696.53
91;2;7510.16;17;7510.16
91;3;7666.31;15;7666.31
91;4;6696.06;19;6696.06
91;5;13023.98;18;13023.98
92;1;899.68;16;899.68
92;2;-1646.33;11;-1646.33
92;3;2499.42;13;2499.42
92;4;2600.64;12;2600.64
92;5;16547.49;20;16547.49
93;1;4696.62;15;4696.62
93;2;19029.23;24;19029.23
93;3;4135.01;9;4135.01
93;4;8416.29;15;8416.29
93;5;13382.04;14;13382.04
94;1;3187.56;6;3187.56
94;2;5411.65;18;5411.65
94;3;11479.46;12;11479.46
94;4;4149.37;15;4149.37
94;5;6619.32;12;6619.32
95;1;9934.86;15;9934.86
95;2;10739.97;21;10739.97
95;3;18820.99;14;18820.99
95;4;-2395.82;6;-2395.82
95;5;6887.16;13;6887.16
96;1;15034.43;13;15034.43
96;2;1161.58;12;1161.58
96;3;6557.24;13;6557.24
96;4;16292.86;15;16292.86
96;5;10841.30;19;10841.30
97;1;9406.10;15;9406.10
97;2;7694.56;15;7694.56
97;3;2354.40;12;2354.40
97;4;3429.96;9;3429.96
97;5;-1441.72;10;-1441.72
98;1;7199.83;11;7199.83
98;2;2218.32;14;2218.32
98;3;7401.06;7;7401.06
98;4;13026.54;18;13026.54
98;5;11008.62;19;11008.62
99;1;8835.67;15;8835.67
99;2;7228.18;11;7228.18
99;3;8369.09;12;8369.09
99;4;8696.05;15;8696.05
99;5;-3599.44;14;-3599.44
100;1;3257.38;14;3257.38
100;2;9825.77;17;9825.77
100;3;5855.11;16;5855.11
100;4;6746.40;17;6746.40
100;5;6237.24;10;6237.24
101;1;11580.67;14;11580.67
101;2;10125.91;17;10125.91
101;3;-2714.62;10;-2714.62
101;4;368.58;12;368.58
101;5;3240.30;14;3240.30
102;1;5729.19;18;5729.19
102;2;4043.81;12;4043.81
102;3;10198.37;13;10198.37
102;4;14603.14;19;14603.14
102;5;6993.83;14;6993.83
103;1;-514.08;12;-514.08
103;2;5716.98;17;5716.98
103;3;7028.36;13;7028.36
103;4;11904.62;19;11904.62
103;5;5890.09;8;5890.09
104;1;1668.25;16;1668.25
104;2;5521.17;12;5521.17
104;3;4119.86;9;4119.86
104;4;2979.94;4;2979.94
104;5;-358.15;14;-358.15
105;1;6460.75;11;6460.75
105;2;-2368.85;10;-2368.85
105;3;18813.88;20;18813.88
105;4;3448.04;7;3448.04
105;5;3859.31;15;3859.31
106;1;16419.57;12;16419.57
106;2;8677.99;14;8677.99
106;3;2515.61;11;2515.61
106;4;9784.53;14;9784.53
106;5;7387.95;16;7387.95
107;1;24146.64;16;24146.64
107;2;4743.66;16;4743.66
107;3;235.17;11;235.17
107;4;6823.39;13;6823.39
107;5;7863.76;9;7863.76
108;1;1679.96;17;1679.96
108;2;12085.48;14;12085.48
108;3;16341.43;15;16341.43
108;4;2035.83;13;2035.83
108;5;7063.12;16;7063.12
109;1;8864.00;9;8864.00
109;2;8321.59;16;8321.59
109;3;8214.27;13;8214.27
109;4;-799.06;12;-799.06
109;5;16254.27;13;16254.27
110;1;5657.58;14;5657.58
110;2;16340.16;27;16340.16
110;3;5932.19;11;5932.19
110;4;6179.14;12;6179.14
110;5;1180.33;21;1180.33
111;1;13072.07;14;13072.07
111;2;14286.66;19;14286.66
111;3;6047.26;14;6047.26
111;4;3189.60;15;3189.60
111;5;6077.54;21;6077.54
112;1;9241.50;17;9241.50
112;2;7884.45;23;7884.45
112;3;8371.12;12;8371.12
112;4;1176.71;18;1176.71
112;5;9466.44;14;9466.44
113;1;15017.70;11;15017.70
113;2;957.40;18;957.40
113;3;1946.83;17;1946.83
113;4;13248.33;18;13248.33
113;5;7198.81;18;7198.81
114;1;5925.01;15;5925.01
114;2;2852.17;19;2852.17
114;3;2118.36;12;2118.36
114;4;8619.06;13;8619.06
114;5;2182.15;11;2182.15
115;1;-3707.20;15;-3707.20
115;2;14872.59;12;14872.59
115;3;21940.21;26;21940.21
115;4;1805.93;15;1805.93
115;5;13727.53;15;13727.53
116;1;3063.51;7;3063.51
116;2;-4358.92;8;-4358.92
116;3;13193.60;21;13193.60
116;4;4126.57;12;4126.57
116;5;11218.07;19;11218.07
117;1;3082.36;7;3082.36
117;2;5276.21;13;5276.21
117;3;7936.90;19;7936.90
117;4;-230.47;10;-230.47
117;5;13517.58;12;13517.58
118;1;4863.35;17;4863.35
118;2;-867.28;17;-867.28
118;3;5911.57;9;5911.57
118;4;1787.61;13;1787.61
118;5;1476.77;13;1476.77
119;1;10183.39;13;10183.39
119;2;5303.02;13;5303.02
119;3;9270.56;11;9270.56
119;4;10769.54;15;10769.54
119;5;4666.78;15;4666.78
120;1;7594.34;13;7594.34
120;2;3373.96;15;3373.96
120;3;11130.12;16;11130.12
120;4;12172.09;14;12172.09
120;5;8914.12;22;8914.12
121;1;8035.69;13;8035.69
121;2;15918.49;13;15918.49
121;3;20427.38;19;20427.38
121;4;2821.78;14;2821.78
121;5;9080.75;16;9080.75
122;1;12805.82;15;12805.82
122;2;3177.70;12;3177.70
122;3;4518.99;14;4518.99
122;4;8018.60;20;8018.60
122;5;3170.22;10;3170.22
123;1;-1442.36;14;-1442.36
123;2;5971.41;10;5971.41
123;3;12210.61;20;12210.61
123;4;7913.74;15;7913.74
123;5;9064.30;16;9064.30
124;1;638.32;11;638.32
124;2;23509.78;17;23509.78
124;3;6942.59;20;6942.59
124;4;21148.84;18;21148.84
124;5;7258.97;14;7258.97
125;1;-2457.86;17;-2457.86
125;2;-1736.45;15;-1736.45
125;3;12917.21;16;12917.21
125;4;13541.18;19;13541.18
125;5;-1006.05;9;-1006.05
126;1;6787.04;15;6787.04
126;2;7132.38;15;7132.38
126;3;2565.00;19;2565.00
126;4;-349.33;15;-349.33
126;5;3346.16;7;3346.16
127;1;5152.26;12;5152.26
127;2;97.38;16;97.38
127;3;2054.30;9;2054.30
127;4;2040.75;8;2040.75
127;5;8682.30;15;8682.30
128;1;7129.29;12;7129.29
128;2;1336.67;14;1336.67
128;3;1389.95;4;1389.95
128;4;12445.16;18;12445.16
128;5;13705.95;15;13705.95
129;1;6457.68;19;6457.68
129;2;4310.46;10;4310.46
129;3;231.43;6;231.43
129;4;3011.91;7;3011.91
129;5;-3733.34;15;-3733.34
130;1;6271.69;12;6271.69
130;2;2142.15;13;2142.15
130;3;16158.62;21;16158.62
130;4;320.76;10;320.76
130;5;16696.14;14;16696.14
131;1;3955.54;11;3955.54
131;2;11062.57;14;11062.57
131;3;758.89;10;758.89
131;4;4288.03;10;4288.03
131;5;9901.38;18;9901.38
132;1;5567.32;11;5567.32
132;2;6783.02;16;6783.02
132;3;1792.57;6;1792.57
132;4;-1520.91;11;-1520.91
132;5;-2138.38;15;-2138.38
133;1;21693.34;19;21693.34
133;2;8616.45;16;8616.45
133;3;15082.83;14;15082.83
133;4;5858.73;19;5858.73
133;5;7066.96;12;7066.96
134;1;9906.59;16;9906.59
134;2;14802.08;14;14802.08
134;3;4820.91;6;4820.91
134;4;1322.96;15;1322.96
134;5;10493.77;13;10493.77
135;1;6157.03;7;6157.03
135;2;19234.80;16;19234.80
135;3;-2073.15;12;-2073.15
135;4;7299.28;12;7299.28
135;5;4394.67;6;4394.67
136;1;1822.27;10;1822.27
136;2;-3296.71;17;-3296.71
136;3;1555.00;14;1555.00
136;4;-459.76;15;-459.76
136;5;4639.41;15;4639.41
137;1;22897.89;19;22897.89
137;2;11364.51;18;11364.51
137;3;8348.04;10;8348.04
137;4;9124.32;11;9124.32
137;5;9142.07;11;9142.07
138;1;1783.86;11;1783.86
138;2;12791.81;12;12791.81
138;3;-2848.94;13;-2848.94
138;4;5883.08;13;5883.08
138;5;8163.80;14;8163.80
139;1;3590.13;13;3590.13
139;2;5351.36;13;5351.36
139;3;9007.95;9;9007.95
139;4;8942.59;12;8942.59
139;5;7255.89;13;7255.89
140;1;128.72;8;128.72
140;2;-2460.66;6;-2460.66
140;3;4189.40;19;4189.40
140;4;5076.09;9;5076.09
140;5;9765.22;21;9765.22
141;1;-233.44;10;-233.44
141;2;9741.46;11;9741.46
141;3;3550.93;10;3550.93
141;4;4701.87;20;4701.87
141;5;16506.32;19;16506.32
142;1;9115.17;18;9115.17
142;2;9367.55;18;9367.55
142;3;7053.67;12;7053.67
142;4;11469.66;14;11469.66
142;5;4073.04;12;4073.04
143;1;4711.30;18;4711.30
143;2;7498.11;18;7498.11
143;3;10310.47;19;10310.47
143;4;7951.18;17;7951.18
143;5;1825.90;12;1825.90
144;1;-2618.07;14;-2618.07
144;2;11393.03;14;11393.03
144;3;470.97;8;470.97
144;4;7197.26;11;7197.26
144;5;-6058.14;13;-6058.14
145;1;1944.04;12;1944.04
145;2;11751.26;14;11751.26
145;3;5860.02;12;5860.02
145;4;10564.31;17;10564.31
145;5;795.52;11;795.52
146;1;-2066.16;13;-2066.16
146;2;-1613.81;16;-1613.81
146;3;11249.54;15;11249.54
146;4;8855.04;15;8855.04
146;5;9003.92;17;9003.92
147;1;3698.79;11;3698.79
147;2;-1184.12;13;-1184.12
147;3;5503.95;13;5503.95
147;4;12556.04;16;12556.04
147;5;3532.85;8;3532.85
148;1;7894.84;11;7894.84
148;2;-150.20;6;-150.20
148;3;9674.55;20;9674.55
148;4;1950.67;5;1950.67
148;5;12051.64;15;12051.64
149;1;-2772.02;13;-2772.02
149;2;15203.00;15;15203.00
149;3;-3637.70;12;-3637.70
149;4;6062.40;17;6062.40
149;5;11166.48;20;11166.48
150;1;2021.68;17;2021.68
150;2;19468.33;16;19468.33
150;3;1488.13;12;1488.13
150;4;4946.08;8;4946.08
150;5;-3371.68;14;-3371.68
151;1;3304.38;13;3304.38
151;2;8271.69;18;8271.69
151;3;16100.59;22;16100.59
151;4;-2164.75;9;-2164.75
151;5;2629.05;17;2629.05
152;1;2195.90;14;2195.90
152;2;5044.19;9;5044.19
152;3;16553.08;20;16553.08
152;4;8903.79;11;8903.79
152;5;4380.08;13;4380.08
153;1;13027.22;18;13027.22
153;2;-871.09;10;-871.09
153;3;14151.81;16;14151.81
153;4;6683.54;7;6683.54
153;5;-2995.41;12;-2995.41
154;1;8589.40;9;8589.40
154;2;15184.40;19;15184.40
154;3;613.64;14;613.64
154;4;7252.46;15;7252.46
154;5;-78.02;11;-78.02
155;1;9062.39;14;9062.39
155;2;10367.07;18;10367.07
155;3;10102.39;12;10102.39
155;4;4418.44;10;4418.44
155;5;2636.88;11;2636.88
156;1;11401.22;17;11401.22
156;2;10218.78;18;10218.78
156;3;6135.85;11;6135.85
156;4;15647.26;23;15647.26
156;5;5286.73;25;5286.73
157;1;-293.81;9;-293.81
157;2;1907.97;15;1907.97
157;3;-1466.77;9;-1466.77
157;4;9064.81;13;9064.81
157;5;9229.33;11;9229.33
158;1;4065.43;12;4065.43
158;2;9300.57;12;9300.57
158;3;11596.45;15;11596.45
158;4;6061.90;14;6061.90
158;5;9568.42;16;9568.42
159;1;3000.56;8;3000.56
159;2;10990.50;16;10990.50
159;3;9478.92;13;9478.92
159;4;10640.30;14;10640.30
159;5;1578.11;11;1578.11
160;1;7305.31;7;7305.31
160;2;13355.17;14;13355.17
160;3;-668.65;17;-668.65
160;4;7608.65;12;7608.65
160;5;3475.94;6;3475.94
161;1;6770.76;19;6770.76
161;2;7589.97;12;7589.97
161;3;7142.53;7;7142.53
161;4;2042.78;17;2042.78
161;5;3049.96;11;3049.96
162;1;10071.94;16;10071.94
162;2;-2931.81;13;-2931.81
162;3;12121.20;12;12121.20
162;4;14286.37;10;14286.37
162;5;15203.64;12;15203.64
163;1;12168.96;11;12168.96
163;2;7995.03;14;7995.03
163;3;2209.42;17;2209.42
163;4;-1016.87;15;-1016.87
163;5;10170.73;12;10170.73
164;1;609.63;14;609.63
164;2;-382.83;13;-382.83
164;3;6214.14;10;6214.14
164;4;7863.82;13;7863.82
164;5;5551.38;13;5551.38
165;1;2243.42;6;2243.42
165;2;-3463.07;8;-3463.07
165;3;4916.98;15;4916.98
165;4;710.76;14;710.76
165;5;9221.16;10;9221.16
166;1;3587.21;7;3587.21
166;2;8419.52;13;8419.52
166;3;3587.73;11;3587.73
166;4;9033.49;9;9033.49
166;5;7375.22;11;7375.22
167;1;8230.48;14;8230.48
167;2;667.87;13;667.87
167;3;11164.24;16;11164.24
167;4;8428.67;15;8428.67
167;5;6026.03;12;6026.03
168;1;47.25;7;47.25
168;2;9904.76;18;9904.76
168;3;4894.99;16;4894.99
168;4;3011.63;9;3011.63
168;5;26650.17;23;26650.17
169;1;13917.05;16;13917.05
169;2;2714.03;24;2714.03
169;3;227.71;18;227.71
169;4;946.30;10;946.30
169;5;4482.00;15;4482.00
170;1;5545.22;10;5545.22
170;2;239.02;21;239.02
170;3;11911.47;12;11911.47
170;4;597.23;8;597.23
170;5;8202.62;15;8202.62
171;1;-88.80;17;-88.80
171;2;7585.98;9;7585.98
171;3;10133.47;14;10133.47
171;4;1688.91;5;1688.91
171;5;10582.93;17;10582.93
172;1;13006.68;14;13006.68
172;2;2079.23;20;2079.23
172;3;8461.20;17;8461.20
172;4;1815.15;7;1815.15
172;5;6133.75;9;6133.75
173;1;3991.13;18;3991.13
173;2;5060.26;12;5060.26
173;3;8719.05;14;8719.05
173;4;12635.61;7;12635.61
173;5;7328.42;15;7328.42
174;1;9063.66;11;9063.66
174;2;6996.88;14;6996.88
174;3;7428.62;10;7428.62
174;4;14184.97;13;14184.97
174;5;7570.47;18;7570.47
175;1;16615.23;19;16615.23
175;2;161.42;10;161.42
175;3;3042.76;15;3042.76
175;4;10191.47;16;10191.47
175;5;8388.81;11;8388.81
176;1;17326.15;15;17326.15
176;2;4481.35;15;4481.35
176;3;-1985.38;14;-1985.38
176;4;8716.74;14;8716.74
176;5;2301.08;11;2301.08
177;1;-158.73;16;-158.73
177;2;7747.84;6;7747.84
177;3;17773.26;22;17773.26
177;4;1806.39;16;1806.39
177;5;8112.35;20;8112.35
178;1;10922.30;11;10922.30
178;2;9839.28;12;9839.28
178;3;3257.94;15;3257.94
178;4;7450.00;8;7450.00
178;5;2045.94;23;2045.94
179;1;12783.67;18;12783.67
179;2;3410.09;12;3410.09
179;3;14304.88;17;14304.88
179;4;9349.36;19;9349.36
179;5;6889.31;12;6889.31
180;1;14502.74;17;14502.74
180;2;5587.51;21;5587.51
180;3;3377.72;14;3377.72
180;4;3651.38;11;3651.38
180;5;4306.01;18;4306.01
181;1;5649.53;9;5649.53
181;2;-1229.79;18;-1229.79
181;3;6962.29;16;6962.29
181;4;-1307.55;13;-1307.55
181;5;2816.87;15;2816.87
182;1;-2552.99;11;-2552.99
182;2;2772.45;22;2772.45
182;3;-6927.38;12;-6927.38
182;4;15267.30;12;15267.30
182;5;13127.21;18;13127.21
183;1;3584.16;16;3584.16
183;2;14215.88;13;14215.88
183;3;10009.51;15;10009.51
183;4;9293.01;17;9293.01
183;5;5149.38;12;5149.38
184;1;4375.40;13;4375.40
184;2;336.13;13;336.13
184;3;3269.01;13;3269.01
184;4;8699.00;19;8699.00
184;5;9820.11;9;9820.11
185;1;4961.87;17;4961.87
185;2;3430.51;15;3430.51
185;3;4723.11;14;4723.11
185;4;-1025.86;14;-1025.86
185;5;1358.59;16;1358.59
186;1;6203.51;17;6203.51
186;2;4229.26;12;4229.26
186;3;292.52;10;292.52
186;4;-292.64;14;-292.64
186;5;4569.02;15;4569.02
187;1;22836.88;22;22836.88
187;2;5146.25;18;5146.25
187;3;-1949.73;15;-1949.73
187;4;14722.45;13;14722.45
187;5;5305.46;15;5305.46
188;1;8855.00;12;8855.00
188;2;-1257.93;13;-1257.93
188;3;-7804.00;12;-7804.00
188;4;1151.49;15;1151.49
188;5;6419.04;15;6419.04
189;1;7187.53;19;7187.53
189;2;2374.88;30;2374.88
189;3;-3110.78;11;-3110.78
189;4;5302.50;13;5302.50
189;5;13824.56;12;13824.56
190;1;5867.36;11;5867.36
190;2;568.75;12;568.75
190;3;17504.67;12;17504.67
190;4;12390.89;13;12390.89
190;5;7618.72;16;7618.72
191;1;10758.53;17;10758.53
191;2;-2596.45;23;-2596.45
191;3;6495.92;18;6495.92
191;4;11993.25;16;11993.25
191;5;2552.69;11;2552.69
192;1;977.98;18;977.98
192;2;11740.45;18;11740.45
192;3;3866.37;15;3866.37
192;4;2953.18;12;2953.18
192;5;13267.59;13;13267.59
193;1;11016.32;17;11016.32
193;2;-3487.93;13;-3487.93
193;3;8412.49;16;8412.49
193;4;8150.60;17;8150.60
193;5;1294.09;10;1294.09
194;1;2574.31;12;2574.31
194;2;7914.33;10;7914.33
194;3;18623.61;21;18623.61
194;4;5845.11;9;5845.11
194;5;2023.81;16;2023.81
195;1;2479.25;12;2479.25
195;2;-945.91;11;-945.91
195;3;8139.41;12;8139.41
195;4;1753.51;12;1753.51
195;5;9054.67;17;9054.67
196;1;6921.34;21;6921.34
196;2;5947.24;10;5947.24
196;3;3583.61;12;3583.61
196;4;2191.29;10;2191.29
196;5;16401.68;13;16401.68
197;1;-240.54;8;-240.54
197;2;22832.59;18;22832.59
197;3;657.63;12;657.63
197;4;7278.90;15;7278.90
197;5;10283.16;20;10283.16
198;1;-1362.45;14;-1362.45
198;2;1100.68;8;1100.68
198;3;-256.66;12;-256.66
198;4;794.15;11;794.15
198;5;14557.33;15;14557.33
199;1;9748.68;12;9748.68
199;2;3698.24;11;3698.24
199;3;1861.08;17;1861.08
199;4;12182.59;13;12182.59
199;5;16625.78;19;16625.78
200;1;6847.47;14;6847.47
200;2;8175.26;17;8175.26
200;3;5625.29;10;5625.29
200;4;2311.59;10;2311.59
200;5;2472.11;7;2472.11
201;1;7034.33;6;7034.33
201;2;-2326.29;9;-2326.29
201;3;5523.82;10;5523.82
201;4;2085.48;8;2085.48
201;5;13154.27;18;13154.27
202;1;-285.08;12;-285.08
202;2;994.04;7;994.04
202;3;4679.29;12;4679.29
202;4;2446.71;9;2446.71
202;5;9875.76;15;9875.76
203;1;9959.06;20;9959.06
203;2;1191.67;10;1191.67
203;3;5141.97;11;5141.97
203;4;10891.35;16;10891.35
203;5;14736.91;17;14736.91
204;1;16737.64;11;16737.64
204;2;12623.84;15;12623.84
204;3;5090.79;12;5090.79
204;4;2475.27;17;2475.27
204;5;955.52;10;955.52
205;1;6352.10;11;6352.10
205;2;932.33;7;932.33
205;3;9946.30;15;9946.30
205;4;5635.46;22;5635.46
205;5;1716.57;12;1716.57
206;1;5098.10;18;5098.10
206;2;8013.36;11;8013.36
206;3;11630.02;9;11630.02
206;4;11859.32;11;11859.32
206;5;6199.26;12;6199.26
207;1;8036.90;13;8036.90
207;2;6859.43;12;6859.43
207;3;9975.39;15;9975.39
207;4;10069.16;15;10069.16
207;5;7092.67;11;7092.67
208;1;4609.62;24;4609.62
208;2;-1438.03;7;-1438.03
208;3;5495.90;16;5495.90
208;4;9672.69;14;9672.69
208;5;7973.75;19;7973.75
209;1;7966.85;13;7966.85
209;2;3979.76;18;3979.76
209;3;19560.92;14;19560.92
209;4;4911.77;13;4911.77
209;5;2261.50;12;2261.50
210;1;5928.71;14;5928.71
210;2;3211.20;12;3211.20
210;3;7085.68;19;7085.68
210;4;14818.99;12;14818.99
210;5;2281.24;14;2281.24
211;1;986.75;9;986.75
211;2;14840.94;13;14840.94
211;3;8255.27;16;8255.27
211;4;9800.29;10;9800.29
211;5;6423.57;14;6423.57
212;1;15168.86;18;15168.86
212;2;10426.18;8;10426.18
212;3;204.10;13;204.10
212;4;6836.08;12;6836.08
212;5;13246.71;20;13246.71
213;1;8744.77;15;8744.77
213;2;319.79;4;319.79
213;3;5969.25;12;5969.25
213;4;692.07;7;692.07
213;5;2559.44;9;2559.44
214;1;1137.70;13;1137.70
214;2;14059.51;17;14059.51
214;3;5069.15;19;5069.15
214;4;13896.60;18;13896.60
214;5;9340.87;19;9340.87
215;1;7230.64;8;7230.64
215;2;7694.78;15;7694.78
215;3;14922.93;22;14922.93
215;4;4520.71;12;4520.71
215;5;7059.65;18;7059.65
216;1;3231.92;19;3231.92
216;2;7428.42;16;7428.42
216;3;-3507.49;10;-3507.49
216;4;-5513.39;12;-5513.39
216;5;6758.37;13;6758.37
217;1;8473.20;10;8473.20
217;2;8535.21;19;8535.21
217;3;4667.58;7;4667.58
217;4;14174.31;18;14174.31
217;5;3808.06;9;3808.06
218;1;9911.30;9;9911.30
218;2;12401.42;14;12401.42
218;3;7643.29;17;7643.29
218;4;-2685.94;16;-2685.94
218;5;7020.38;17;7020.38
219;1;1049.60;18;1049.60
219;2;5335.38;7;5335.38
219;3;-134.19;17;-134.19
219;4;6172.09;13;6172.09
219;5;3776.06;12;3776.06
220;1;2039.86;9;2039.86
220;2;4107.12;10;4107.12
220;3;5875.75;13;5875.75
220;4;2721.98;20;2721.98
220;5;710.10;10;710.10
221;1;5462.11;19;5462.11
221;2;8668.82;10;8668.82
221;3;2738.97;24;2738.97
221;4;4015.05;14;4015.05
221;5;8706.16;13;8706.16
222;1;7966.41;12;7966.41
222;2;8007.72;11;8007.72
222;3;9433.66;10;9433.66
222;4;-3298.12;10;-3298.12
222;5;2301.92;14;2301.92
223;1;4984.46;11;4984.46
223;2;18479.33;18;18479.33
223;3;674.89;6;674.89
223;4;1349.03;14;1349.03
223;5;9347.63;14;9347.63
224;1;5386.83;12;5386.83
224;2;7766.00;11;7766.00
224;3;5883.36;17;5883.36
224;4;3735.10;8;3735.10
224;5;11356.76;16;11356.76
225;1;10017.05;14;10017.05
225;2;10014.13;17;10014.13
225;3;8647.57;15;8647.57
225;4;2502.24;13;2502.24
225;5;10121.64;21;10121.64
226;1;-135.34;12;-135.34
226;2;3221.96;14;3221.96
226;3;543.32;15;543.32
226;4;-4181.39;13;-4181.39
226;5;7545.00;20;7545.00
227;1;-4022.26;16;-4022.26
227;2;2177.94;7;2177.94
227;3;3690.76;11;3690.76
227;4;12858.73;26;12858.73
227;5;9979.59;10;9979.59
228;1;14668.79;17;14668.79
228;2;15735.36;22;15735.36
228;3;14215.29;17;14215.29
228;4;9793.67;14;9793.67
228;5;3704.40;18;3704.40
229;1;3360.44;11;3360.44
229;2;5313.54;13;5313.54
229;3;5531.83;9;5531.83
229;4;9890.36;8;9890.36
229;5;11067.21;19;11067.21
230;1;-193.05;16;-193.05
230;2;3934.45;13;3934.45
230;3;9882.97;11;9882.97
230;4;365.53;19;365.53
230;5;6025.16;15;6025.16
231;1;6737.00;7;6737.00
231;2;6703.05;15;6703.05
231;3;-3039.81;14;-3039.81
231;4;863.19;16;863.19
231;5;3169.26;8;3169.26
232;1;1300.07;22;1300.07
232;2;-1482.52;15;-1482.52
232;3;14509.56;21;14509.56
232;4;2856.22;20;2856.22
232;5;1906.91;7;1906.91
233;1;7869.39;14;7869.39
233;2;2026.18;12;2026.18
233;3;15582.00;17;15582.00
233;4;-443.49;10;-443.49
233;5;9321.41;13;9321.41
234;1;1765.47;11;1765.47
234;2;2218.11;11;2218.11
234;3;4096.19;7;4096.19
234;4;-3267.87;15;-3267.87
234;5;7213.33;8;7213.33
235;1;-4163.47;9;-4163.47
235;2;10636.98;20;10636.98
235;3;9381.33;15;9381.33
235;4;35.79;12;35.79
235;5;5996.07;14;5996.07
236;1;4460.13;7;4460.13
236;2;5776.71;13;5776.71
236;3;5474.99;18;5474.99
236;4;11488.75;20;11488.75
236;5;225.61;22;225.61
237;1;1368.33;7;1368.33
237;2;10699.67;10;10699.67
237;3;1297.36;14;1297.36
237;4;8239.07;10;8239.07
237;5;9253.65;17;9253.65
238;1;-898.99;7;-898.99
238;2;6273.46;18;6273.46
238;3;4326.78;9;4326.78
238;4;2780.04;11;2780.04
238;5;130.71;20;130.71
239;1;10791.96;13;10791.96
239;2;2657.30;15;2657.30
239;3;11645.23;17;11645.23
239;4;3071.46;16;3071.46
239;5;5847.69;18;5847.69
240;1;7594.59;13;7594.59
240;2;14766.15;26;14766.15
240;3;3201.09;9;3201.09
240;4;10526.78;14;10526.78
240;5;4569.74;19;4569.74
241;1;10188.71;15;10188.71
241;2;3640.48;7;3640.48
241;3;1902.28;6;1902.28
241;4;2293.35;10;2293.35
241;5;3327.29;18;3327.29
242;1;8982.70;11;8982.70
242;2;6074.83;11;6074.83
242;3;6062.83;15;6062.83
242;4;14427.60;14;14427.60
242;5;1597.63;9;1597.63
243;1;16946.29;15;16946.29
243;2;9227.51;11;9227.51
243;3;5471.27;11;5471.27
243;4;-345.64;14;-345.64
243;5;4810.78;15;4810.78
244;1;-5025.76;15;-5025.76
244;2;8650.97;10;8650.97
244;3;936.28;12;936.28
244;4;15737.94;15;15737.94
244;5;580.51;7;580.51
245;1;-342.82;17;-342.82
245;2;4378.77;21;4378.77
245;3;-405.70;11;-405.70
245;4;-2141.95;15;-2141.95
245;5;-2647.19;17;-2647.19
246;1;14084.46;17;14084.46
246;2;-2746.61;19;-2746.61
246;3;4475.15;15;4475.15
246;4;-4188.81;8;-4188.81
246;5;18512.54;19;18512.54
247;1;10708.60;11;10708.60
247;2;18605.45;15;18605.45
247;3;5149.18;18;5149.18
247;4;9063.15;13;9063.15
247;5;7733.66;13;7733.66
248;1;7592.52;14;7592.52
248;2;-1754.32;9;-1754.32
248;3;4241.25;10;4241.25
248;4;-1980.63;14;-1980.63
248;5;2191.56;8;2191.56
249;1;14916.89;21;14916.89
249;2;11521.72;14;11521.72
249;3;2455.85;16;2455.85
249;4;2499.56;16;2499.56
249;5;16518.25;16;16518.25
250;1;453.08;11;453.08
250;2;4652.53;13;4652.53
250;3;10886.06;16;10886.06
250;4;7378.82;15;7378.82
250;5;12186.55;14;12186.55
251;1;4147.10;11;4147.10
251;2;5486.99;15;5486.99
251;3;9837.29;11;9837.29
251;4;4441.96;11;4441.96
251;5;10335.69;16;10335.69
252;1;11429.72;16;11429.72
252;2;10388.00;15;10388.00
252;3;7873.18;10;7873.18
252;4;14743.74;12;14743.74
252;5;5669.41;10;5669.41
253;1;-7718.50;17;-7718.50
253;2;-1520.52;13;-1520.52
253;3;8127.11;10;8127.11
253;4;6349.68;12;6349.68
253;5;10996.24;17;10996.24
254;1;2535.83;15;2535.83
254;2;-1200.33;9;-1200.33
254;3;10568.34;25;10568.34
254;4;7927.15;15;7927.15
254;5;6960.92;11;6960.92
255;1;2508.73;17;2508.73
255;2;-1343.13;6;-1343.13
255;3;4814.48;10;4814.48
255;4;12293.27;19;12293.27
255;5;13146.07;13;13146.07
256;1;12878.18;12;12878.18
256;2;3409.16;10;3409.16
256;3;13283.24;12;13283.24
256;4;9057.36;14;9057.36
256;5;14400.27;14;14400.27
257;1;12591.01;17;12591.01
257;2;5687.93;17;5687.93
257;3;-3405.96;14;-3405.96
257;4;8424.66;14;8424.66
257;5;1256.14;21;1256.14
258;1;5784.10;11;5784.10
258;2;10137.05;17;10137.05
258;3;6583.35;15;6583.35
258;4;6567.35;17;6567.35
258;5;-3346.47;10;-3346.47
259;1;1704.05;11;1704.05
259;2;411.37;10;411.37
259;3;3183.74;13;3183.74
259;4;3296.12;21;3296.12
259;5;8458.81;13;8458.81
260;1;5601.02;21;5601.02
260;2;8487.85;17;8487.85
260;3;3615.65;10;3615.65
260;4;1847.13;10;1847.13
260;5;9766.51;14;9766.51
261;1;521.40;13;521.40
261;2;13608.46;22;13608.46
261;3;4311.18;15;4311.18
261;4;671.33;11;671.33
261;5;4781.84;15;4781.84
262;1;8329.30;14;8329.30
262;2;3046.83;11;3046.83
262;3;13248.64;18;13248.64
262;4;5750.54;10;5750.54
262;5;12754.11;11;12754.11
263;1;9297.04;13;9297.04
263;2;396.62;7;396.62
263;3;6642.03;14;6642.03
263;4;17282.69;16;17282.69
263;5;8891.44;13;8891.44
264;1;2584.50;12;2584.50
264;2;11468.30;19;11468.30
264;3;819.39;16;819.39
264;4;5326.72;17;5326.72
264;5;4791.07;15;4791.07
265;1;8569.03;14;8569.03
265;2;10083.67;15;10083.67
265;3;4927.05;11;4927.05
265;4;6191.42;14;6191.42
265;5;11232.42;13;11232.42
266;1;3297.00;13;3297.00
266;2;352.11;14;352.11
266;3;3091.55;11;3091.55
266;4;2665.18;15;2665.18
266;5;11093.23;12;11093.23
267;1;3935.34;11;3935.34
267;2;11311.09;11;11311.09
267;3;-351.28;11;-351.28
267;4;443.38;10;443.38
267;5;710.46;11;710.46
268;1;4425.80;11;4425.80
268;2;10136.82;15;10136.82
268;3;5926.41;12;5926.41
268;4;10356.59;13;10356.59
268;5;16125.16;17;16125.16
269;1;25495.48;23;25495.48
269;2;9663.14;19;9663.14
269;3;-3605.34;10;-3605.34
269;4;11471.59;15;11471.59
269;5;650.93;11;650.93
270;1;5592.83;18;5592.83
270;2;8968.41;11;8968.41
270;3;4347.99;16;4347.99
270;4;2780.63;17;2780.63
270;5;10541.33;11;10541.33
271;1;3037.72;11;3037.72
271;2;1666.83;13;1666.83
271;3;7064.29;19;7064.29
271;4;5140.51;14;5140.51
271;5;2756.32;14;2756.32
272;1;5262.55;17;5262.55
272;2;950.27;12;950.27
272;3;1575.45;8;1575.45
272;4;9133.67;13;9133.67
272;5;1702.74;14;1702.74
273;1;-2607.84;19;-2607.84
273;2;5619.43;14;5619.43
273;3;6761.31;22;6761.31
273;4;3299.86;15;3299.86
273;5;3581.33;16;3581.33
274;1;5497.47;13;5497.47
274;2;9727.93;17;9727.93
274;3;3482.26;9;3482.26
274;4;9271.70;13;9271.70
274;5;-3279.36;10;-3279.36
275;1;-145.02;14;-145.02
275;2;5756.34;20;5756.34
275;3;3140.38;10;3140.38
275;4;10375.16;15;10375.16
275;5;6441.42;26;6441.42
276;1;4181.70;14;4181.70
276;2;5338.83;18;5338.83
276;3;-327.96;12;-327.96
276;4;5104.54;13;5104.54
276;5;1094.98;11;1094.98
277;1;8548.12;17;8548.12
277;2;6776.83;16;6776.83
277;3;15671.33;17;15671.33
277;4;7382.56;16;7382.56
277;5;9627.41;11;9627.41
278;1;-4475.51;12;-4475.51
278;2;-2779.84;17;-2779.84
278;3;1792.44;15;1792.44
278;4;15810.62;8;15810.62
278;5;7360.56;14;7360.56
279;1;-3191.69;10;-3191.69
279;2;5510.95;13;5510.95
279;3;5427.21;9;5427.21
279;4;748.85;18;748.85
279;5;7937.42;13;7937.42
280;1;14540.91;19;14540.91
280;2;5773.26;9;5773.26
280;3;7212.74;10;7212.74
280;4;8239.70;17;8239.70
280;5;8664.18;12;8664.18
281;1;4049.95;14;4049.95
281;2;1949.67;13;1949.67
281;3;1736.19;11;1736.19
281;4;5447.68;22;5447.68
281;5;7164.03;16;7164.03
282;1;10189.58;10;10189.58
282;2;2920.19;16;2920.19
282;3;4633.41;11;4633.41
282;4;-4827.58;16;-4827.58
282;5;5164.89;10;5164.89
283;1;3346.44;18;3346.44
283;2;5206.87;11;5206.87
283;3;1521.43;11;1521.43
283;4;4204.29;13;4204.29
283;5;5208.54;16;5208.54
284;1;5188.58;8;5188.58
284;2;3999.18;15;3999.18
284;3;8123.43;12;8123.43
284;4;-2148.27;14;-2148.27
284;5;4734.62;14;4734.62
285;1;2137.06;13;2137.06
285;2;11198.31;17;11198.31
285;3;-665.28;6;-665.28
285;4;5585.10;16;5585.10
285;5;8764.33;14;8764.33
286;1;8499.24;18;8499.24
286;2;-20.32;6;-20.32
286;3;7927.67;10;7927.67
286;4;4159.05;15;4159.05
286;5;5470.61;9;5470.61
287;1;1591.82;9;1591.82
287;2;8931.02;7;8931.02
287;3;4920.40;16;4920.40
287;4;-3572.86;15;-3572.86
287;5;-533.51;15;-533.51
288;1;931.51;14;931.51
288;2;-177.08;10;-177.08
288;3;2473.19;14;2473.19
288;4;8492.76;13;8492.76
288;5;5961.74;18;5961.74
289;1;12109.39;17;12109.39
289;2;14014.85;14;14014.85
289;3;4815.37;17;4815.37
289;4;11800.54;13;11800.54
289;5;10055.70;15;10055.70
290;1;2733.76;9;2733.76
290;2;7750.81;10;7750.81
290;3;2269.11;9;2269.11
290;4;3037.78;12;3037.78
290;5;1797.17;16;1797.17
291;1;7689.43;17;7689.43
291;2;6873.25;8;6873.25
291;3;13641.42;15;13641.42
291;4;1094.29;13;1094.29
291;5;3086.35;7;3086.35
292;1;23945.43;20;23945.43
292;2;1067.10;8;1067.10
292;3;15325.65;19;15325.65
292;4;2086.25;13;2086.25
292;5;5840.35;16;5840.35
293;1;7497.56;16;7497.56
293;2;8913.38;15;8913.38
293;3;1207.85;18;1207.85
293;4;10910.55;14;10910.55
293;5;8548.53;10;8548.53
294;1;12166.91;21;12166.91
294;2;3255.61;12;3255.61
294;3;-352.51;20;-352.51
294;4;609.72;16;609.72
294;5;9212.18;11;9212.18
295;1;8707.62;11;8707.62
295;2;4027.78;13;4027.78
295;3;12573.61;17;12573.61
295;4;8514.87;14;8514.87
295;5;-480.44;10;-480.44
296;1;13945.28;11;13945.28
296;2;11073.86;19;11073.86
296;3;4237.72;17;4237.72
296;4;7822.02;14;7822.02
296;5;-2500.31;10;-2500.31
297;1;7521.53;13;7521.53
297;2;3777.46;11;3777.46
297;3;9008.22;18;9008.22
297;4;12741.34;12;12741.34
297;5;2910.94;12;2910.94
298;1;12163.37;17;12163.37
298;2;2466.14;15;2466.14
298;3;3499.68;12;3499.68
298;4;6906.77;10;6906.77
298;5;16977.40;22;16977.40
299;1;3126.38;12;3126.38
299;2;6043.32;14;6043.32
299;3;8327.45;10;8327.45
299;4;8906.69;15;8906.69
299;5;3500.06;11;3500.06
300;1;14913.56;16;14913.56
300;2;4545.68;8;4545.68
300;3;17714.07;15;17714.07
300;4;11099.27;16;11099.27
300;5;5267.96;14;5267.96
301;1;-615.55;17;-615.55
301;2;13174.49;18;13174.49
301;3;-2424.92;16;-2424.92
301;4;4658.76;12;4658.76
301;5;7188.85;15;7188.85
302;1;3297.15;11;3297.15
302;2;2900.39;11;2900.39
302;3;1385.24;11;1385.24
302;4;13284.44;17;13284.44
302;5;10440.64;13;10440.64
303;1;-444.78;7;-444.78
303;2;2384.63;15;2384.63
303;3;-1213.29;16;-1213.29
303;4;15266.21;10;15266.21
303;5;13268.19;13;13268.19
304;1;6087.41;14;6087.41
304;2;12732.94;17;12732.94
304;3;8347.34;11;8347.34
304;4;7798.76;10;7798.76
304;5;499.62;13;499.62
305;1;4095.68;13;4095.68
305;2;9241.94;12;9241.94
305;3;-6355.27;12;-6355.27
305;4;7283.53;12;7283.53
305;5;4573.45;15;4573.45
306;1;3752.47;11;3752.47
306;2;293.11;10;293.11
306;3;6825.60;16;6825.60
306;4;18064.90;17;18064.90
306;5;1603.52;9;1603.52
307;1;-5482.68;15;-5482.68
307;2;12265.53;14;12265.53
307;3;3368.49;17;3368.49
307;4;19831.29;22;19831.29
307;5;6928.80;8;6928.80
308;1;8422.25;14;8422.25
308;2;11097.89;10;11097.89
308;3;-3310.31;12;-3310.31
308;4;1052.26;8;1052.26
308;5;159.42;13;159.42
309;1;2161.94;8;2161.94
309;2;6850.32;12;6850.32
309;3;13814.54;15;13814.54
309;4;2195.88;17;2195.88
309;5;213.49;16;213.49
310;1;10087.99;11;10087.99
310;2;3214.24;12;3214.24
310;3;12915.18;14;12915.18
310;4;2142.44;12;2142.44
310;5;3220.89;12;3220.89
311;1;13420.87;14;13420.87
311;2;4105.83;10;4105.83
311;3;12801.32;16;12801.32
311;4;11355.95;12;11355.95
311;5;4626.13;14;4626.13
312;1;8527.05;7;8527.05
312;2;6757.00;16;6757.00
312;3;8457.31;8;8457.31
312;4;7459.45;10;7459.45
312;5;4874.24;11;4874.24
313;1;12296.54;15;12296.54
313;2;8380.65;11;8380.65
313;3;12368.63;11;12368.63
313;4;4844.80;13;4844.80
313;5;7359.96;10;7359.96
314;1;10690.90;12;10690.90
314;2;7928.39;14;7928.39
314;3;16926.54;21;16926.54
314;4;6887.19;13;6887.19
314;5;9776.50;14;9776.50
315;1;7622.85;14;7622.85
315;2;10933.62;14;10933.62
315;3;6506.10;12;6506.10
315;4;10466.90;13;10466.90
315;5;6629.37;17;6629.37
316;1;-1648.45;15;-1648.45
316;2;6825.42;13;6825.42
316;3;8115.60;13;8115.60
316;4;2766.88;16;2766.88
316;5;1612.63;18;1612.63
317;1;7410.15;11;7410.15
317;2;41.98;13;41.98
317;3;1400.19;12;1400.19
317;4;2824.76;15;2824.76
317;5;-931.26;12;-931.26
318;1;11099.58;22;11099.58
318;2;10963.29;14;10963.29
318;3;665.34;14;665.34
318;4;8586.92;16;8586.92
318;5;-125.14;13;-125.14
319;1;566.56;7;566.56
319;2;5137.36;10;5137.36
319;3;11534.45;13;11534.45
319;4;7850.83;10;7850.83
319;5;-1142.10;18;-1142.10
320;1;6344.82;19;6344.82
320;2;6691.74;16;6691.74
320;3;-785.62;16;-785.62
320;4;7694.12;16;7694.12
320;5;15755.32;17;15755.32
321;1;-1527.05;6;-1527.05
321;2;14285.88;10;14285.88
321;3;7665.01;16;7665.01
321;4;16226.61;13;16226.61
321;5;12459.22;14;12459.22
322;1;7195.93;18;7195.93
322;2;3240.10;8;3240.10
322;3;2672.05;11;2672.05
322;4;4373.26;19;4373.26
322;5;10976.66;14;10976.66
323;1;5631.40;9;5631.40
323;2;10710.14;16;10710.14
323;3;267.25;12;267.25
323;4;13248.52;11;13248.52
323;5;10019.92;11;10019.92
324;1;8911.06;15;8911.06
324;2;2924.27;7;2924.27
324;3;-953.92;20;-953.92
324;4;3798.76;13;3798.76
324;5;3207.03;7;3207.03
325;1;7781.46;15;7781.46
325;2;-497.90;13;-497.90
325;3;2396.91;15;2396.91
325;4;12736.69;19;12736.69
325;5;5092.46;12;5092.46
326;1;6829.96;15;6829.96
326;2;3808.97;6;3808.97
326;3;8894.11;12;8894.11
326;4;2959.79;10;2959.79
326;5;5819.82;12;5819.82
327;1;269.04;16;269.04
327;2;-8242.00;20;-8242.00
327;3;13324.81;14;13324.81
327;4;34.48;9;34.48
327;5;11525.21;12;11525.21
328;1;2979.52;13;2979.52
328;2;-1502.90;10;-1502.90
328;3;9126.80;9;9126.80
328;4;7010.93;19;7010.93
328;5;4813.74;10;4813.74
329;1;2862.25;15;2862.25
329;2;2588.28;8;2588.28
329;3;4223.73;15;4223.73
329;4;5767.91;13;5767.91
329;5;7307.42;10;7307.42
330;1;7361.58;19;7361.58
330;2;8890.05;17;8890.05
330;3;2005.67;8;2005.67
330;4;2628.49;14;2628.49
330;5;2856.38;15;2856.38
331;1;9914.40;12;9914.40
331;2;6877.05;11;6877.05
331;3;9575.01;9;9575.01
331;4;14440.90;9;14440.90
331;5;9426.53;9;9426.53
332;1;5798.22;16;5798.22
332;2;157.20;11;157.20
332;3;8000.10;17;8000.10
332;4;5400.20;17;5400.20
332;5;3954.60;18;3954.60
333;1;5455.01;16;5455.01
333;2;514.78;14;514.78
333;3;8632.98;15;8632.98
333;4;11477.18;11;11477.18
333;5;2565.71;14;2565.71
334;1;6469.97;16;6469.97
334;2;5009.20;10;5009.20
334;3;12207.66;13;12207.66
334;4;679.91;8;679.91
334;5;4820.66;14;4820.66
335;1;2136.49;15;2136.49
335;2;9924.82;8;9924.82
335;3;-4665.17;14;-4665.17
335;4;10266.36;16;10266.36
335;5;3107.84;7;3107.84
336;1;-2958.65;11;-2958.65
336;2;1403.24;17;1403.24
336;3;6390.52;16;6390.52
336;4;4892.20;10;4892.20
336;5;5432.35;13;5432.35
337;1;10574.43;24;10574.43
337;2;1245.41;7;1245.41
337;3;4671.66;15;4671.66
337;4;-38.22;17;-38.22
337;5;1200.38;7;1200.38
338;1;3971.79;13;3971.79
338;2;15667.51;14;15667.51
338;3;7590.76;14;7590.76
338;4;6564.20;10;6564.20
338;5;2819.83;17;2819.83
339;1;8366.68;13;8366.68
339;2;6790.57;12;6790.57
339;3;-300.40;15;-300.40
339;4;3499.98;10;3499.98
339;5;12784.10;24;12784.10
340;1;-4535.04;9;-4535.04
340;2;14054.09;17;14054.09
340;3;8343.88;16;8343.88
340;4;4228.06;12;4228.06
340;5;4161.41;20;4161.41
341;1;8482.84;18;8482.84
341;2;1206.55;13;1206.55
341;3;7494.89;14;7494.89
341;4;5606.68;10;5606.68
341;5;18719.09;21;18719.09
342;1;7957.60;16;7957.60
342;2;3077.03;14;3077.03
342;3;7989.48;14;7989.48
342;4;9250.38;17;9250.38
342;5;1314.98;12;1314.98
343;1;-1419.28;19;-1419.28
343;2;3249.29;12;3249.29
343;3;7505.83;9;7505.83
343;4;17082.15;17;17082.15
343;5;1384.57;12;1384.57
344;1;9394.86;15;9394.86
344;2;6503.24;13;6503.24
344;3;4487.09;14;4487.09
344;4;1003.23;12;1003.23
344;5;3397.63;11;3397.63
345;1;6318.58;6;6318.58
345;2;6908.87;14;6908.87
345;3;5992.25;11;5992.25
345;4;8220.83;17;8220.83
345;5;5621.43;12;5621.43
346;1;5509.92;7;5509.92
346;2;3203.31;11;3203.31
346;3;5505.63;13;5505.63
346;4;1843.88;21;1843.88
346;5;12241.12;11;12241.12
347;1;9733.67;13;9733.67
347;2;702.63;15;702.63
347;3;319.11;10;319.11
347;4;3239.97;10;3239.97
347;5;14394.84;21;14394.84
348;1;8818.99;11;8818.99
348;2;4268.43;15;4268.43
348;3;5403.73;12;5403.73
348;4;4812.99;9;4812.99
348;5;1618.31;13;1618.31
349;1;3413.86;11;3413.86
349;2;366.21;16;366.21
349;3;3984.08;14;3984.08
349;4;9806.53;9;9806.53
349;5;7498.09;17;7498.09
350;1;10009.24;11;10009.24
350;2;11556.51;13;11556.51
350;3;5881.32;16;5881.32
350;4;5888.10;17;5888.10
350;5;2829.17;14;2829.17
351;1;5325.73;10;5325.73
351;2;16628.24;19;16628.24
351;3;8465.04;22;8465.04
351;4;4208.43;11;4208.43
351;5;765.24;9;765.24
352;1;21010.65;10;21010.65
352;2;811.83;16;811.83
352;3;2194.62;18;2194.62
352;4;6199.97;21;6199.97
352;5;1828.08;9;1828.08
353;1;-4133.27;20;-4133.27
353;2;22268.10;20;22268.10
353;3;1369.15;12;1369.15
353;4;1414.06;13;1414.06
353;5;6414.65;15;6414.65
354;1;2229.67;12;2229.67
354;2;4523.16;10;4523.16
354;3;4456.51;12;4456.51
354;4;-1379.74;12;-1379.74
354;5;12559.31;15;12559.31
355;1;-3137.60;11;-3137.60
355;2;10449.74;12;10449.74
355;3;12044.81;13;12044.81
355;4;8707.15;13;8707.15
355;5;8153.38;14;8153.38
356;1;13829.58;18;13829.58
356;2;3526.98;9;3526.98
356;3;-321.48;9;-321.48
356;4;12562.57;16;12562.57
356;5;4781.93;10;4781.93
357;1;2213.46;17;2213.46
357;2;7060.41;11;7060.41
357;3;10398.93;14;10398.93
357;4;-712.05;10;-712.05
357;5;14548.53;16;14548.53
358;1;2053.45;10;2053.45
358;2;13514.61;12;13514.61
358;3;4491.23;12;4491.23
358;4;-961.52;14;-961.52
358;5;4643.65;9;4643.65
359;1;109.78;10;109.78
359;2;-6044.70;19;-6044.70
359;3;4681.21;13;4681.21
359;4;7433.44;18;7433.44
359;5;3505.60;11;3505.60
360;1;15170.95;19;15170.95
360;2;304.81;9;304.81
360;3;12200.46;19;12200.46
360;4;4515.75;14;4515.75
360;5;13335.93;19;13335.93
361;1;-2002.33;17;-2002.33
361;2;4561.80;15;4561.80
361;3;7773.20;12;7773.20
361;4;8779.85;14;8779.85
361;5;9937.27;16;9937.27
362;1;14243.53;22;14243.53
362;2;580.11;12;580.11
362;3;-3514.27;6;-3514.27
362;4;9823.97;12;9823.97
362;5;1063.68;16;1063.68
363;1;1905.88;9;1905.88
363;2;1188.40;16;1188.40
363;3;7417.33;12;7417.33
363;4;10710.85;16;10710.85
363;5;3230.42;16;3230.42
364;1;13512.20;14;13512.20
364;2;1117.34;15;1117.34
364;3;8819.75;14;8819.75
364;4;4547.96;13;4547.96
364;5;8418.67;15;8418.67
365;1;3141.02;17;3141.02
365;2;15689.19;17;15689.19
365;3;-706.25;16;-706.25
365;4;7973.88;13;7973.88
365;5;10468.48;13;10468.48
366;1;1736.78;9;1736.78
366;2;2752.04;11;2752.04
366;3;5745.77;17;5745.77
366;4;5023.94;14;5023.94
366;5;-969.77;11;-969.77
367;1;3496.55;16;3496.55
367;2;5852.38;16;5852.38
367;3;2975.00;14;2975.00
367;4;620.32;15;620.32
367;5;6857.73;12;6857.73
368;1;2959.83;14;2959.83
368;2;15580.30;14;15580.30
368;3;-2145.00;6;-2145.00
368;4;3632.37;8;3632.37
368;5;6123.28;12;6123.28
369;1;3035.45;10;3035.45
369;2;4662.52;14;4662.52
369;3;11769.52;16;11769.52
369;4;-465.46;12;-465.46
369;5;6285.19;8;6285.19
370;1;5574.07;12;5574.07
370;2;1837.21;13;1837.21
370;3;2793.20;14;2793.20
370;4;8219.08;16;8219.08
370;5;6040.51;14;6040.51
371;1;2196.59;16;2196.59
371;2;6244.36;15;6244.36
371;3;12402.53;17;12402.53
371;4;6874.60;12;6874.60
371;5;4435.31;11;4435.31
372;1;9065.31;14;9065.31
372;2;3614.99;13;3614.99
372;3;15081.94;15;15081.94
372;4;-861.92;11;-861.92
372;5;2341.16;6;2341.16
373;1;4262.42;13;4262.42
373;2;4261.66;12;4261.66
373;3;5453.58;10;5453.58
373;4;9631.57;14;9631.57
373;5;18270.25;12;18270.25
374;1;14622.97;13;14622.97
374;2;5847.37;12;5847.37
374;3;5439.88;10;5439.88
374;4;6198.72;15;6198.72
374;5;6413.73;14;6413.73
375;1;6678.42;7;6678.42
375;2;5883.22;15;5883.22
375;3;4833.11;7;4833.11
375;4;1920.15;13;1920.15
375;5;-1200.57;10;-1200.57
376;1;4032.84;12;4032.84
376;2;5439.76;16;5439.76
376;3;12971.19;13;12971.19
376;4;7050.98;15;7050.98
376;5;5982.57;11;5982.57
377;1;15163.96;19;15163.96
377;2;840.52;9;840.52
377;3;13607.50;14;13607.50
377;4;-1658.57;13;-1658.57
377;5;11902.41;16;11902.41
378;1;1669.52;19;1669.52
378;2;3011.39;15;3011.39
378;3;4106.63;13;4106.63
378;4;5764.54;16;5764.54
378;5;12222.47;16;12222.47
379;1;1700.03;9;1700.03
379;2;12206.92;21;12206.92
379;3;11735.68;17;11735.68
379;4;4311.41;11;4311.41
379;5;6862.84;20;6862.84
380;1;3928.08;8;3928.08
380;2;12573.56;21;12573.56
380;3;9162.96;14;9162.96
380;4;2942.20;10;2942.20
380;5;1468.64;14;1468.64
381;1;7804.21;16;7804.21
381;2;13301.37;14;13301.37
381;3;-2566.90;12;-2566.90
381;4;13481.35;15;13481.35
381;5;2991.99;22;2991.99
382;1;3875.80;13;3875.80
382;2;10854.01;11;10854.01
382;3;7281.86;12;7281.86
382;4;3455.05;14;3455.05
382;5;12808.07;18;12808.07
383;1;8747.85;12;8747.85
383;2;7611.41;13;7611.41
383;3;3974.88;14;3974.88
383;4;-1839.65;9;-1839.65
383;5;1790.44;16;1790.44
384;1;20276.27;12;20276.27
384;2;-907.18;15;-907.18
384;3;7582.74;9;7582.74
384;4;1162.26;18;1162.26
384;5;5260.41;13;5260.41
385;1;8695.74;19;8695.74
385;2;6474.17;11;6474.17
385;3;1899.68;17;1899.68
385;4;9681.56;12;9681.56
385;5;8264.03;15;8264.03
386;1;13445.38;17;13445.38
386;2;5462.05;8;5462.05
386;3;8948.90;8;8948.90
386;4;8829.20;16;8829.20
386;5;6166.94;21;6166.94
387;1;-118.00;15;-118.00
387;2;20360.65;18;20360.65
387;3;9483.91;19;9483.91
387;4;853.00;14;853.00
387;5;5558.57;14;5558.57
388;1;11231.29;11;11231.29
388;2;15561.60;15;15561.60
388;3;9272.44;13;9272.44
388;4;3525.13;11;3525.13
388;5;18406.60;18;18406.60
389;1;4713.54;17;4713.54
389;2;7844.83;14;7844.83
389;3;8846.55;8;8846.55
389;4;-810.27;11;-810.27
389;5;-15.56;10;-15.56
390;1;9773.28;14;9773.28
390;2;9820.67;19;9820.67
390;3;9884.83;13;9884.83
390;4;5831.83;12;5831.83
390;5;14389.24;17;14389.24
391;1;2718.89;15;2718.89
391;2;9816.06;10;9816.06
391;3;-3147.15;15;-3147.15
391;4;-1259.91;6;-1259.91
391;5;2403.38;10;2403.38
392;1;12684.50;24;12684.50
392;2;4230.12;9;4230.12
392;3;-1524.42;7;-1524.42
392;4;3364.47;12;3364.47
392;5;6765.74;11;6765.74
393;1;4013.83;14;4013.83
393;2;8383.83;10;8383.83
393;3;9923.70;15;9923.70
393;4;14187.16;21;14187.16
393;5;6649.21;16;6649.21
394;1;3961.58;17;3961.58
394;2;-410.68;15;-410.68
394;3;8415.04;12;8415.04
394;4;10739.81;18;10739.81
394;5;5230.82;18;5230.82
395;1;14636.83;15;14636.83
395;2;4145.22;11;4145.22
395;3;5279.97;20;5279.97
395;4;1243.69;10;1243.69
395;5;2441.54;11;2441.54
396;1;13039.53;13;13039.53
396;2;7723.24;14;7723.24
396;3;4838.45;21;4838.45
396;4;10838.47;18;10838.47
396;5;9302.44;13;9302.44
397;1;-4111.80;13;-4111.80
397;2;1679.71;15;1679.71
397;3;909.12;9;909.12
397;4;5652.12;10;5652.12
397;5;5170.61;13;5170.61
398;1;40.23;12;40.23
398;2;1330.63;13;1330.63
398;3;1954.81;12;1954.81
398;4;7419.35;14;7419.35
398;5;8637.86;16;8637.86
399;1;7011.37;11;7011.37
399;2;3321.03;9;3321.03
399;3;6476.24;12;6476.24
399;4;14592.42;18;14592.42
399;5;6926.31;11;6926.31
400;1;26989.65;14;26989.65
400;2;-3146.19;11;-3146.19
400;3;-3847.04;14;-3847.04
400;4;13899.20;17;13899.20
400;5;9664.61;14;9664.61
401;1;1828.48;13;1828.48
401;2;9462.48;12;9462.48
401;3;4189.75;13;4189.75
401;4;-2026.32;9;-2026.32
401;5;867.48;14;867.48
402;1;3496.71;10;3496.71
402;2;-5100.26;9;-5100.26
402;3;-2968.35;11;-2968.35
402;4;11857.85;16;11857.85
402;5;5249.61;8;5249.61
403;1;12265.21;11;12265.21
403;2;-2878.10;19;-2878.10
403;3;2052.74;14;2052.74
403;4;8289.70;10;8289.70
403;5;4074.35;15;4074.35
404;1;7208.63;13;7208.63
404;2;-195.69;8;-195.69
404;3;15822.61;19;15822.61
404;4;6117.31;14;6117.31
404;5;10974.27;23;10974.27
405;1;4673.30;12;4673.30
405;2;16591.13;11;16591.13
405;3;1787.77;12;1787.77
405;4;-2281.83;20;-2281.83
405;5;5059.78;10;5059.78
406;1;-2499.15;13;-2499.15
406;2;6266.77;15;6266.77
406;3;17748.23;21;17748.23
406;4;9090.04;10;9090.04
406;5;925.19;14;925.19
407;1;-2520.92;13;-2520.92
407;2;2860.55;12;2860.55
407;3;5073.52;12;5073.52
407;4;12254.67;12;12254.67
407;5;12921.63;11;12921.63
408;1;120.88;12;120.88
408;2;4459.80;16;4459.80
408;3;852.69;13;852.69
408;4;7872.24;13;7872.24
408;5;3219.13;15;3219.13
409;1;1514.51;6;1514.51
409;2;10153.54;11;10153.54
409;3;1665.27;16;1665.27
409;4;9063.08;12;9063.08
409;5;9855.47;10;9855.47
410;1;4576.91;18;4576.91
410;2;12654.40;12;12654.40
410;3;8840.06;16;8840.06
410;4;1939.92;11;1939.92
410;5;9802.40;17;9802.40
411;1;10082.34;13;10082.34
411;2;8609.76;16;8609.76
411;3;5390.25;10;5390.25
411;4;8948.46;14;8948.46
411;5;9355.50;21;9355.50
412;1;8539.74;18;8539.74
412;2;13208.99;17;13208.99
412;3;25.83;13;25.83
412;4;-4528.28;15;-4528.28
412;5;831.70;12;831.70
413;1;13528.96;10;13528.96
413;2;7151.57;11;7151.57
413;3;4833.78;10;4833.78
413;4;-1111.68;11;-1111.68
413;5;5949.83;15;5949.83
414;1;14881.13;16;14881.13
414;2;9705.51;18;9705.51
414;3;9077.14;12;9077.14
414;4;8280.42;17;8280.42
414;5;2761.72;14;2761.72
415;1;1548.41;14;1548.41
415;2;10298.31;16;10298.31
415;3;2327.06;12;2327.06
415;4;5264.10;11;5264.10
415;5;5734.82;17;5734.82
416;1;3346.51;13;3346.51
416;2;-736.95;13;-736.95
416;3;8013.54;17;8013.54
416;4;12454.82;9;12454.82
416;5;22411.40;20;22411.40
417;1;10276.06;15;10276.06
417;2;8323.17;14;8323.17
417;3;1947.29;12;1947.29
417;4;-970.81;10;-970.81
417;5;11635.95;22;11635.95
418;1;-529.25;8;-529.25
418;2;-1587.71;12;-1587.71
418;3;7296.66;15;7296.66
418;4;-1025.82;13;-1025.82
418;5;5629.33;11;5629.33
419;1;8451.89;9;8451.89
419;2;16422.81;19;16422.81
419;3;1289.49;7;1289.49
419;4;4125.12;17;4125.12
419;5;9098.32;17;9098.32
420;1;4740.28;15;4740.28
420;2;873.13;14;873.13
420;3;1095.94;15;1095.94
420;4;17045.74;14;17045.74
420;5;1717.10;10;1717.10
421;1;18676.31;15;18676.31
421;2;3660.71;15;3660.71
421;3;5285.67;15;5285.67
421;4;13018.58;16;13018.58
421;5;17047.56;17;17047.56
422;1;1143.06;12;1143.06
422;2;548.89;13;548.89
422;3;5672.53;21;5672.53
422;4;9531.45;15;9531.45
422;5;14903.31;15;14903.31
423;1;1611.44;13;1611.44
423;2;9085.78;22;9085.78
423;3;6508.90;13;6508.90
423;4;7660.50;22;7660.50
423;5;5268.69;10;5268.69
424;1;4461.56;22;4461.56
424;2;9287.19;8;9287.19
424;3;18632.10;13;18632.10
424;4;13192.57;18;13192.57
424;5;9542.54;14;9542.54
425;1;1852.57;15;1852.57
425;2;6918.05;19;6918.05
425;3;4398.84;14;4398.84
425;4;-2154.93;11;-2154.93
425;5;4977.35;12;4977.35
426;1;5113.10;12;5113.10
426;2;14211.13;21;14211.13
426;3;-1022.58;8;-1022.58
426;4;-853.09;11;-853.09
426;5;5272.30;15;5272.30
427;1;12976.09;18;12976.09
427;2;8605.40;18;8605.40
427;3;538.09;14;538.09
427;4;10216.34;17;10216.34
427;5;9588.56;8;9588.56
428;1;2144.62;8;2144.62
428;2;8610.55;24;8610.55
428;3;7196.55;19;7196.55
428;4;8667.13;12;8667.13
428;5;13064.14;17;13064.14
429;1;-2078.10;16;-2078.10
429;2;3108.29;23;3108.29
429;3;19455.31;22;19455.31
429;4;6176.41;11;6176.41
429;5;10494.90;15;10494.90
430;1;15638.59;18;15638.59
430;2;4101.04;14;4101.04
430;3;5605.13;13;5605.13
430;4;10799.95;17;10799.95
430;5;5177.05;8;5177.05
431;1;1135.13;10;1135.13
431;2;-1263.02;9;-1263.02
431;3;6180.96;15;6180.96
431;4;6393.10;9;6393.10
431;5;17179.59;14;17179.59
432;1;5956.93;17;5956.93
432;2;7914.39;17;7914.39
432;3;1206.24;8;1206.24
432;4;2356.34;12;2356.34
432;5;10277.36;12;10277.36
433;1;2433.44;19;2433.44
433;2;11884.24;12;11884.24
433;3;2323.41;10;2323.41
433;4;12014.08;15;12014.08
433;5;1302.67;11;1302.67
434;1;1940.98;6;1940.98
434;2;-1414.82;17;-1414.82
434;3;13246.91;17;13246.91
434;4;11483.08;16;11483.08
434;5;6434.07;16;6434.07
435;1;4059.60;11;4059.60
435;2;3156.22;15;3156.22
435;3;5323.01;11;5323.01
435;4;12786.16;20;12786.16
435;5;2480.41;10;2480.41
436;1;12518.68;15;12518.68
436;2;-790.47;5;-790.47
436;3;-227.28;13;-227.28
436;4;4407.76;15;4407.76
436;5;3261.62;11;3261.62
437;1;4270.16;16;4270.16
437;2;9394.24;9;9394.24
437;3;5479.52;11;5479.52
437;4;-922.69;13;-922.69
437;5;9375.63;20;9375.63
438;1;14943.61;17;14943.61
438;2;6079.03;16;6079.03
438;3;8308.77;9;8308.77
438;4;101.57;16;101.57
438;5;6444.88;15;6444.88
439;1;2675.12;12;2675.12
439;2;5723.80;12;5723.80
439;3;15189.83;17;15189.83
439;4;6804.39;13;6804.39
439;5;16460.96;12;16460.96
440;1;4403.40;9;4403.40
440;2;2170.72;15;2170.72
440;3;15383.54;14;15383.54
440;4;4336.54;15;4336.54
440;5;2858.45;13;2858.45
441;1;3045.13;14;3045.13
441;2;4564.51;16;4564.51
441;3;1859.40;12;1859.40
441;4;-171.84;6;-171.84
441;5;4865.48;14;4865.48
442;1;3737.02;15;3737.02
442;2;8078.54;11;8078.54
442;3;3985.06;15;3985.06
442;4;3138.96;7;3138.96
442;5;10031.95;13;10031.95
443;1;4965.27;13;4965.27
443;2;593.43;14;593.43
443;3;412.69;19;412.69
443;4;9935.16;10;9935.16
443;5;14829.08;14;14829.08
444;1;11802.44;21;11802.44
444;2;6010.92;11;6010.92
444;3;7499.19;14;7499.19
444;4;-2726.08;12;-2726.08
444;5;2724.66;17;2724.66
445;1;7763.07;21;7763.07
445;2;10244.13;9;10244.13
445;3;8888.82;17;8888.82
445;4;6548.46;19;6548.46
445;5;7147.74;11;7147.74
446;1;249.22;12;249.22
446;2;4777.07;16;4777.07
446;3;8320.92;14;8320.92
446;4;4503.57;14;4503.57
446;5;7877.14;14;7877.14
447;1;5209.84;11;5209.84
447;2;8740.63;15;8740.63
447;3;10721.91;13;10721.91
447;4;3822.03;8;3822.03
447;5;7509.34;21;7509.34
448;1;2098.61;9;2098.61
448;2;7217.72;13;7217.72
448;3;1209.12;12;1209.12
448;4;2461.27;16;2461.27
448;5;746.33;8;746.33
449;1;1431.20;11;1431.20
449;2;3826.82;12;3826.82
449;3;12744.34;18;12744.34
449;4;1216.18;15;1216.18
449;5;13185.86;14;13185.86
450;1;12365.90;12;12365.90
450;2;6556.08;20;6556.08
450;3;8549.66;12;8549.66
450;4;21042.57;18;21042.57
450;5;7778.89;18;7778.89
451;1;5800.26;13;5800.26
451;2;6248.24;20;6248.24
451;3;7494.44;12;7494.44
451;4;9150.44;15;9150.44
451;5;-2404.61;11;-2404.61
452;1;-595.74;6;-595.74
452;2;4489.55;12;4489.55
452;3;-3704.61;13;-3704.61
452;4;7341.71;13;7341.71
452;5;6302.55;10;6302.55
453;1;7795.85;18;7795.85
453;2;3964.39;11;3964.39
453;3;1317.92;12;1317.92
453;4;-848.80;16;-848.80
453;5;9077.25;11;9077.25
454;1;4242.88;11;4242.88
454;2;487.00;14;487.00
454;3;15014.98;17;15014.98
454;4;4694.48;9;4694.48
454;5;-381.80;11;-381.80
455;1;6590.57;18;6590.57
455;2;7439.89;13;7439.89
455;3;4534.01;13;4534.01
455;4;5137.07;12;5137.07
455;5;15908.98;14;15908.98
456;1;2136.87;9;2136.87
456;2;2141.18;15;2141.18
456;3;6906.74;18;6906.74
456;4;15131.09;18;15131.09
456;5;-5414.38;9;-5414.38
457;1;10899.97;11;10899.97
457;2;4248.91;12;4248.91
457;3;4692.10;13;4692.10
457;4;3815.00;12;3815.00
457;5;7471.77;22;7471.77
458;1;2865.23;11;2865.23
458;2;5753.07;20;5753.07
458;3;4365.85;12;4365.85
458;4;5591.34;16;5591.34
458;5;7456.50;9;7456.50
459;1;-1519.14;10;-1519.14
459;2;4511.41;16;4511.41
459;3;9949.65;13;9949.65
459;4;9924.99;15;9924.99
459;5;2741.12;12;2741.12
460;1;8511.54;12;8511.54
460;2;57.04;14;57.04
460;3;10392.64;12;10392.64
460;4;1438.41;9;1438.41
460;5;-1575.04;10;-1575.04
461;1;-1372.12;15;-1372.12
461;2;1002.49;9;1002.49
461;3;5434.69;18;5434.69
461;4;13010.77;15;13010.77
461;5;3386.34;9;3386.34
462;1;6673.75;14;6673.75
462;2;9608.91;14;9608.91
462;3;27855.31;22;27855.31
462;4;2951.88;14;2951.88
462;5;-2783.38;14;-2783.38
463;1;10285.01;11;10285.01
463;2;7962.64;18;7962.64
463;3;7111.92;12;7111.92
463;4;4464.19;18;4464.19
463;5;-2585.78;14;-2585.78
464;1;9192.39;15;9192.39
464;2;831.62;10;831.62
464;3;10701.23;18;10701.23
464;4;12913.00;13;12913.00
464;5;4259.91;10;4259.91
465;1;11394.31;14;11394.31
465;2;10599.88;15;10599.88
465;3;3511.21;13;3511.21
465;4;6320.08;15;6320.08
465;5;-79.56;10;-79.56
466;1;13235.09;21;13235.09
466;2;8403.12;10;8403.12
466;3;3656.97;12;3656.97
466;4;-6052.23;11;-6052.23
466;5;-3652.35;13;-3652.35
467;1;11673.66;17;11673.66
467;2;10660.71;13;10660.71
467;3;4638.48;9;4638.48
467;4;7142.22;17;7142.22
467;5;2359.79;11;2359.79
468;1;11763.63;20;11763.63
468;2;258.17;15;258.17
468;3;-1604.37;8;-1604.37
468;4;5816.56;12;5816.56
468;5;1976.57;5;1976.57
469;1;-4170.99;8;-4170.99
469;2;12723.00;19;12723.00
469;3;10909.75;15;10909.75
469;4;8175.94;12;8175.94
469;5;1189.85;11;1189.85
470;1;7810.88;16;7810.88
470;2;-1020.66;15;-1020.66
470;3;-386.65;11;-386.65
470;4;11346.67;12;11346.67
470;5;3942.31;16;3942.31
471;1;4256.62;22;4256.62
471;2;6143.71;12;6143.71
471;3;11047.97;27;11047.97
471;4;10223.98;18;10223.98
471;5;8736.48;13;8736.48
472;1;4576.86;17;4576.86
472;2;3015.13;14;3015.13
472;3;5659.43;13;5659.43
472;4;3813.21;14;3813.21
472;5;3809.04;15;3809.04
473;1;10644.53;14;10644.53
473;2;3782.21;13;3782.21
473;3;12524.93;14;12524.93
473;4;12525.07;16;12525.07
473;5;3532.78;14;3532.78
474;1;2895.98;9;2895.98
474;2;16319.25;21;16319.25
474;3;3473.48;8;3473.48
474;4;4848.26;9;4848.26
474;5;5592.15;9;5592.15
475;1;10493.37;21;10493.37
475;2;4517.35;22;4517.35
475;3;18785.99;18;18785.99
475;4;8315.40;13;8315.40
475;5;-151.90;8;-151.90
476;1;2414.35;16;2414.35
476;2;3682.49;10;3682.49
476;3;13748.88;20;13748.88
476;4;8507.42;19;8507.42
476;5;2291.79;10;2291.79
477;1;15894.18;15;15894.18
477;2;18486.13;15;18486.13
477;3;12426.13;21;12426.13
477;4;5808.15;11;5808.15
477;5;8101.37;12;8101.37
478;1;15518.28;14;15518.28
478;2;-4404.84;8;-4404.84
478;3;2106.47;15;2106.47
478;4;10069.51;17;10069.51
478;5;3495.44;11;3495.44
479;1;12027.15;18;12027.15
479;2;6689.10;16;6689.10
479;3;-2353.09;14;-2353.09
479;4;9590.66;15;9590.66
479;5;8893.82;12;8893.82
480;1;13537.23;18;13537.23
480;2;-1861.51;9;-1861.51
480;3;11082.21;17;11082.21
480;4;12710.11;20;12710.11
480;5;7156.45;12;7156.45
481;1;3142.38;12;3142.38
481;2;5609.27;11;5609.27
481;3;2365.31;9;2365.31
481;4;8369.23;21;8369.23
481;5;4120.81;11;4120.81
482;1;7845.22;10;7845.22
482;2;9429.11;14;9429.11
482;3;10034.16;14;10034.16
482;4;3617.85;14;3617.85
482;5;4039.17;8;4039.17
483;1;9535.13;17;9535.13
483;2;18971.84;18;18971.84
483;3;9620.34;18;9620.34
483;4;1326.99;16;1326.99
483;5;7739.51;15;7739.51
484;1;8538.49;14;8538.49
484;2;1257.26;15;1257.26
484;3;12532.20;11;12532.20
484;4;5671.57;19;5671.57
484;5;4310.79;18;4310.79
485;1;-1248.85;15;-1248.85
485;2;1831.98;11;1831.98
485;3;5564.38;16;5564.38
485;4;12413.48;15;12413.48
485;5;15865.37;17;15865.37
486;1;7617.06;12;7617.06
486;2;451.10;15;451.10
486;3;8941.15;15;8941.15
486;4;-274.71;19;-274.71
486;5;11171.72;18;11171.72
487;1;5015.42;12;5015.42
487;2;9241.44;17;9241.44
487;3;4735.77;11;4735.77
487;4;5850.76;11;5850.76
487;5;3365.03;12;3365.03
488;1;3326.34;7;3326.34
488;2;2779.17;13;2779.17
488;3;3343.66;17;3343.66
488;4;1986.51;13;1986.51
488;5;6510.27;13;6510.27
489;1;1769.00;9;1769.00
489;2;3747.89;10;3747.89
489;3;10743.87;12;10743.87
489;4;3095.43;12;3095.43
489;5;18964.26;14;18964.26
490;1;16056.95;14;16056.95
490;2;946.38;11;946.38
490;3;7269.48;13;7269.48
490;4;3529.57;12;3529.57
490;5;5210.62;11;5210.62
491;1;419.24;11;419.24
491;2;1964.49;10;1964.49
491;3;-2726.83;9;-2726.83
491;4;11590.55;13;11590.55
491;5;1764.28;18;1764.28
492;1;3176.30;15;3176.30
492;2;5870.05;13;5870.05
492;3;1754.50;14;1754.50
492;4;5346.41;18;5346.41
492;5;4455.62;13;4455.62
493;1;1299.51;20;1299.51
493;2;9730.93;14;9730.93
493;3;5985.12;8;5985.12
493;4;5090.21;11;5090.21
493;5;12788.95;12;12788.95
494;1;4956.41;11;4956.41
494;2;1585.89;17;1585.89
494;3;8402.94;11;8402.94
494;4;4321.36;15;4321.36
494;5;5600.52;13;5600.52
495;1;18652.25;18;18652.25
495;2;298.24;10;298.24
495;3;9743.62;23;9743.62
495;4;624.22;7;624.22
495;5;14104.76;15;14104.76
496;1;3402.95;15;3402.95
496;2;4204.56;11;4204.56
496;3;12350.77;15;12350.77
496;4;12149.09;10;12149.09
496;5;14169.96;17;14169.96
497;1;2417.24;13;2417.24
497;2;2186.84;16;2186.84
497;3;11238.60;14;11238.60
497;4;3747.19;14;3747.19
497;5;9250.02;16;9250.02
498;1;2775.13;11;2775.13
498;2;12190.65;11;12190.65
498;3;1983.06;11;1983.06
498;4;10942.15;16;10942.15
498;5;12151.76;10;12151.76
499;1;12014.75;19;12014.75
499;2;11186.21;14;11186.21
499;3;2583.56;14;2583.56
499;4;9916.67;14;9916.67
499;5;13005.49;12;13005.49
500;1;6770.04;16;6770.04
500;2;10840.49;11;10840.49
500;3;4808.69;10;4808.69
500;4;16138.04;26;16138.04
500;5;5919.62;11;5919.62
501;1;10321.02;16;10321.02
501;2;7231.18;16;7231.18
501;3;7418.05;15;7418.05
501;4;5156.10;17;5156.10
501;5;6517.39;6;6517.39
502;1;14717.30;17;14717.30
502;2;2445.23;16;2445.23
502;3;-2806.73;13;-2806.73
502;4;9801.70;17;9801.70
502;5;681.73;13;681.73
503;1;2216.52;13;2216.52
503;2;-1336.23;12;-1336.23
503;3;11658.47;19;11658.47
503;4;4497.64;14;4497.64
503;5;8668.80;12;8668.80
504;1;12204.73;15;12204.73
504;2;19179.73;17;19179.73
504;3;-2416.50;17;-2416.50
504;4;7069.56;15;7069.56
504;5;4696.93;6;4696.93
505;1;2985.04;16;2985.04
505;2;-2132.74;9;-2132.74
505;3;15210.67;15;15210.67
505;4;3351.50;15;3351.50
505;5;1633.79;17;1633.79
506;1;11676.31;11;11676.31
506;2;13242.11;17;13242.11
506;3;11777.22;16;11777.22
506;4;12057.13;11;12057.13
506;5;6253.49;12;6253.49
507;1;3470.53;10;3470.53
507;2;8005.52;12;8005.52
507;3;14101.66;11;14101.66
507;4;5454.55;14;5454.55
507;5;6845.34;9;6845.34
508;1;8577.83;15;8577.83
508;2;-1749.01;18;-1749.01
508;3;8855.06;9;8855.06
508;4;5371.17;10;5371.17
508;5;13519.18;11;13519.18
509;1;6756.57;17;6756.57
509;2;2344.87;14;2344.87
509;3;9781.51;12;9781.51
509;4;-1007.37;20;-1007.37
509;5;-2751.22;7;-2751.22
510;1;17606.81;15;17606.81
510;2;1732.45;16;1732.45
510;3;8314.27;10;8314.27
510;4;2013.65;11;2013.65
510;5;4171.23;12;4171.23
511;1;2084.06;14;2084.06
511;2;-1948.74;11;-1948.74
511;3;11239.86;9;11239.86
511;4;11287.31;19;11287.31
511;5;5974.29;15;5974.29
512;1;2287.72;11;2287.72
512;2;12723.94;10;12723.94
512;3;-2897.10;12;-2897.10
512;4;-2823.40;16;-2823.40
512;5;5599.40;11;5599.40
513;1;6519.50;15;6519.50
513;2;-336.79;10;-336.79
513;3;-2755.13;21;-2755.13
513;4;11869.26;14;11869.26
513;5;176.25;13;176.25
514;1;8103.16;11;8103.16
514;2;8213.30;22;8213.30
514;3;2789.64;17;2789.64
514;4;1097.76;9;1097.76
514;5;9882.63;12;9882.63
515;1;16264.31;19;16264.31
515;2;8072.18;17;8072.18
515;3;7573.10;7;7573.10
515;4;-28.15;14;-28.15
515;5;2998.40;6;2998.40
516;1;6268.06;13;6268.06
516;2;9725.90;17;9725.90
516;3;3972.31;8;3972.31
516;4;7208.21;10;7208.21
516;5;4297.85;8;4297.85
517;1;3637.24;10;3637.24
517;2;17887.33;19;17887.33
517;3;10887.97;10;10887.97
517;4;-1165.33;9;-1165.33
517;5;10844.19;23;10844.19
518;1;1956.34;6;1956.34
518;2;6604.56;11;6604.56
518;3;16524.49;18;16524.49
518;4;-152.32;15;-152.32
518;5;2683.67;9;2683.67
519;1;8837.16;12;8837.16
519;2;4403.92;16;4403.92
519;3;2775.37;10;2775.37
519;4;-14.00;20;-14.00
519;5;8141.88;14;8141.88
520;1;2857.67;7;2857.67
520;2;6848.60;10;6848.60
520;3;6804.01;10;6804.01
520;4;5025.11;12;5025.11
520;5;9561.72;17;9561.72
521;1;6140.03;16;6140.03
521;2;13528.34;16;13528.34
521;3;3370.35;14;3370.35
521;4;2871.82;13;2871.82
521;5;4305.77;12;4305.77
522;1;543.09;8;543.09
522;2;-173.43;17;-173.43
522;3;4820.12;11;4820.12
522;4;14182.69;14;14182.69
522;5;15409.60;15;15409.60
523;1;8705.35;13;8705.35
523;2;1063.74;15;1063.74
523;3;38.48;17;38.48
523;4;1611.75;13;1611.75
523;5;4012.85;10;4012.85
524;1;7544.69;15;7544.69
524;2;10295.18;5;10295.18
524;3;3933.76;18;3933.76
524;4;-1183.76;11;-1183.76
524;5;1403.38;16;1403.38
525;1;11026.79;11;11026.79
525;2;6025.82;13;6025.82
525;3;6004.70;15;6004.70
525;4;18289.91;18;18289.91
525;5;5546.30;10;5546.30
526;1;7041.90;10;7041.90
526;2;-636.83;10;-636.83
526;3;11174.78;13;11174.78
526;4;2603.37;14;2603.37
526;5;9100.99;16;9100.99
527;1;5722.87;10;5722.87
527;2;6246.31;13;6246.31
527;3;10364.16;17;10364.16
527;4;12080.48;8;12080.48
527;5;9439.45;12;9439.45
528;1;5856.74;7;5856.74
528;2;2719.73;13;2719.73
528;3;5126.60;15;5126.60
528;4;9817.45;14;9817.45
528;5;9351.41;13;9351.41
529;1;4512.60;17;4512.60
529;2;8582.74;11;8582.74
529;3;-995.14;15;-995.14
529;4;5009.31;11;5009.31
529;5;4188.32;9;4188.32
530;1;9846.12;12;9846.12
530;2;4412.69;15;4412.69
530;3;4420.57;12;4420.57
530;4;-3031.42;12;-3031.42
530;5;3256.71;16;3256.71
531;1;13883.25;16;13883.25
531;2;21136.24;22;21136.24
531;3;4372.88;10;4372.88
531;4;186.20;14;186.20
531;5;1558.01;13;1558.01
532;1;14583.40;19;14583.40
532;2;5397.16;16;5397.16
532;3;2021.69;5;2021.69
532;4;4553.32;15;4553.32
532;5;10678.74;13;10678.74
533;1;11352.47;10;11352.47
533;2;4491.16;24;4491.16
533;3;6084.02;11;6084.02
533;4;2989.73;15;2989.73
533;5;6843.58;11;6843.58
534;1;4934.20;13;4934.20
534;2;3503.47;10;3503.47
534;3;8348.82;15;8348.82
534;4;-25.59;7;-25.59
534;5;8832.18;16;8832.18
535;1;-1106.90;13;-1106.90
535;2;8699.55;15;8699.55
535;3;10917.50;21;10917.50
535;4;8097.84;16;8097.84
535;5;8965.22;14;8965.22
536;1;2023.19;10;2023.19
536;2;4281.81;8;4281.81
536;3;12881.58;12;12881.58
536;4;1512.88;14;1512.88
536;5;16744.50;14;16744.50
537;1;6596.59;10;6596.59
537;2;-2961.21;15;-2961.21
537;3;-4286.34;15;-4286.34
537;4;18219.27;17;18219.27
537;5;7046.27;12;7046.27
538;1;4916.04;12;4916.04
538;2;6624.21;12;6624.21
538;3;1474.68;9;1474.68
538;4;7782.82;24;7782.82
538;5;14436.31;11;14436.31
539;1;10940.11;19;10940.11
539;2;7118.52;19;7118.52
539;3;1306.49;11;1306.49
539;4;-2992.39;15;-2992.39
539;5;4216.17;15;4216.17
540;1;12136.79;17;12136.79
540;2;3975.67;11;3975.67
540;3;8207.95;12;8207.95
540;4;5709.43;16;5709.43
540;5;8783.03;10;8783.03
541;1;3307.95;12;3307.95
541;2;7599.49;11;7599.49
541;3;-2159.54;10;-2159.54
541;4;5437.01;12;5437.01
541;5;18819.69;22;18819.69
542;1;3383.56;10;3383.56
542;2;6584.94;16;6584.94
542;3;-1192.24;13;-1192.24
542;4;4270.51;16;4270.51
542;5;2737.27;12;2737.27
543;1;5370.99;6;5370.99
543;2;7073.25;20;7073.25
543;3;1124.98;13;1124.98
543;4;5952.67;10;5952.67
543;5;-1991.39;11;-1991.39
544;1;6135.41;24;6135.41
544;2;3755.01;14;3755.01
544;3;5902.90;10;5902.90
544;4;1112.77;7;1112.77
544;5;3854.23;11;3854.23
545;1;12398.93;23;12398.93
545;2;4547.48;11;4547.48
545;3;11110.71;11;11110.71
545;4;3009.15;10;3009.15
545;5;11725.94;14;11725.94
546;1;5092.03;13;5092.03
546;2;32.04;8;32.04
546;3;13157.36;10;13157.36
546;4;-329.60;18;-329.60
546;5;5349.95;18;5349.95
547;1;-1866.15;11;-1866.15
547;2;2172.68;13;2172.68
547;3;2736.98;12;2736.98
547;4;13257.01;17;13257.01
547;5;-2289.11;14;-2289.11
548;1;6038.53;20;6038.53
548;2;6367.03;12;6367.03
548;3;7304.77;16;7304.77
548;4;5803.19;15;5803.19
548;5;5776.99;14;5776.99
549;1;-3133.18;10;-3133.18
549;2;1667.27;11;1667.27
549;3;3310.96;12;3310.96
549;4;3710.52;10;3710.52
549;5;4195.99;12;4195.99
550;1;12936.62;18;12936.62
550;2;1943.43;14;1943.43
550;3;17470.69;18;17470.69
550;4;864.67;19;864.67
550;5;11666.71;16;11666.71
551;1;10423.00;15;10423.00
551;2;-527.39;15;-527.39
551;3;5184.94;16;5184.94
551;4;6554.35;5;6554.35
551;5;10327.44;18;10327.44
552;1;-1117.67;3;-1117.67
552;2;11928.49;21;11928.49
552;3;881.86;7;881.86
552;4;5208.66;12;5208.66
552;5;1065.95;9;1065.95
553;1;13307.12;15;13307.12
553;2;10104.04;13;10104.04
553;3;15095.07;15;15095.07
553;4;7336.86;14;7336.86
553;5;3234.91;13;3234.91
554;1;-1444.39;10;-1444.39
554;2;6133.53;10;6133.53
554;3;15160.89;15;15160.89
554;4;7583.92;16;7583.92
554;5;5646.23;14;5646.23
555;1;8230.80;14;8230.80
555;2;5366.42;8;5366.42
555;3;9714.88;10;9714.88
555;4;9652.06;13;9652.06
555;5;6360.00;15;6360.00
556;1;11848.85;16;11848.85
556;2;11912.20;14;11912.20
556;3;6859.83;10;6859.83
556;4;2186.51;13;2186.51
556;5;11435.20;11;11435.20
557;1;-1267.06;10;-1267.06
557;2;14829.71;16;14829.71
557;3;-2732.92;18;-2732.92
557;4;5581.69;20;5581.69
557;5;6729.25;13;6729.25
558;1;15942.42;18;15942.42
558;2;1504.40;10;1504.40
558;3;5568.22;9;5568.22
558;4;6537.44;13;6537.44
558;5;-4692.39;12;-4692.39
559;1;5959.25;11;5959.25
559;2;-683.84;3;-683.84
559;3;-3207.35;10;-3207.35
559;4;9363.73;10;9363.73
559;5;-463.82;10;-463.82
560;1;6301.27;14;6301.27
560;2;-598.65;9;-598.65
560;3;11740.34;16;11740.34
560;4;-1003.60;12;-1003.60
560;5;11251.75;13;11251.75
561;1;16187.98;15;16187.98
561;2;3972.96;13;3972.96
561;3;5446.34;14;5446.34
561;4;5312.55;14;5312.55
561;5;6873.55;9;6873.55
562;1;384.26;6;384.26
562;2;3622.15;13;3622.15
562;3;7401.89;18;7401.89
562;4;12121.26;18;12121.26
562;5;4537.70;14;4537.70
563;1;6843.13;16;6843.13
563;2;9706.32;11;9706.32
563;3;-1433.73;15;-1433.73
563;4;6348.92;12;6348.92
563;5;12694.11;13;12694.11
564;1;4463.71;12;4463.71
564;2;1264.01;9;1264.01
564;3;17554.50;17;17554.50
564;4;927.52;12;927.52
564;5;516.80;14;516.80
565;1;1938.86;14;1938.86
565;2;10859.01;18;10859.01
565;3;-5738.75;11;-5738.75
565;4;17292.20;21;17292.20
565;5;343.87;16;343.87
566;1;8840.67;13;8840.67
566;2;8190.62;14;8190.62
566;3;4632.75;14;4632.75
566;4;4058.00;14;4058.00
566;5;8697.20;11;8697.20
567;1;8026.24;12;8026.24
567;2;10222.38;15;10222.38
567;3;10159.59;20;10159.59
567;4;5867.76;16;5867.76
567;5;9347.83;15;9347.83
568;1;10767.80;11;10767.80
568;2;12593.65;13;12593.65
568;3;4761.11;13;4761.11
568;4;10956.75;20;10956.75
568;5;5226.94;15;5226.94
569;1;3049.77;11;3049.77
569;2;13166.61;14;13166.61
569;3;3800.51;14;3800.51
569;4;4544.81;13;4544.81
569;5;7614.61;8;7614.61
570;1;18587.92;19;18587.92
570;2;198.14;17;198.14
570;3;7719.57;12;7719.57
570;4;-3769.16;17;-3769.16
570;5;5446.69;16;5446.69
571;1;6238.56;19;6238.56
571;2;7668.65;18;7668.65
571;3;-3484.20;15;-3484.20
571;4;3053.23;18;3053.23
571;5;13999.03;12;13999.03
572;1;2122.31;10;2122.31
572;2;9190.90;17;9190.90
572;3;12008.42;13;12008.42
572;4;4286.39;15;4286.39
572;5;8481.73;16;8481.73
573;1;6460.93;16;6460.93
573;2;15847.47;21;15847.47
573;3;13296.04;17;13296.04
573;4;12177.02;21;12177.02
573;5;7428.31;17;7428.31
574;1;4566.75;13;4566.75
574;2;22690.60;20;22690.60
574;3;6510.90;21;6510.90
574;4;2824.42;9;2824.42
574;5;16437.89;10;16437.89
575;1;15173.83;15;15173.83
575;2;7430.07;15;7430.07
575;3;-97.58;10;-97.58
575;4;125.84;22;125.84
575;5;11592.87;11;11592.87
576;1;4287.71;10;4287.71
576;2;11366.88;17;11366.88
576;3;224.58;12;224.58
576;4;13374.58;16;13374.58
576;5;9636.40;14;9636.40
577;1;13000.92;11;13000.92
577;2;5335.39;14;5335.39
577;3;19375.77;19;19375.77
577;4;-1447.09;14;-1447.09
577;5;7432.36;19;7432.36
578;1;7678.55;18;7678.55
578;2;16845.23;19;16845.23
578;3;1586.07;17;1586.07
578;4;1290.67;14;1290.67
578;5;11448.33;13;11448.33
579;1;4128.15;12;4128.15
579;2;-891.99;12;-891.99
579;3;5573.21;19;5573.21
579;4;4714.62;18;4714.62
579;5;3702.97;15;3702.97
580;1;4697.67;7;4697.67
580;2;12838.94;16;12838.94
580;3;10661.97;13;10661.97
580;4;4653.57;17;4653.57
580;5;6330.60;13;6330.60
581;1;5068.67;7;5068.67
581;2;171.08;14;171.08
581;3;9302.13;14;9302.13
581;4;3266.58;11;3266.58
581;5;6159.26;10;6159.26
582;1;-3228.59;14;-3228.59
582;2;4865.45;11;4865.45
582;3;4311.98;17;4311.98
582;4;7164.02;12;7164.02
582;5;9838.78;10;9838.78
583;1;4760.33;13;4760.33
583;2;3332.13;13;3332.13
583;3;15002.21;15;15002.21
583;4;-1547.39;12;-1547.39
583;5;6063.45;9;6063.45
584;1;6718.58;15;6718.58
584;2;4897.67;17;4897.67
584;3;5572.87;17;5572.87
584;4;1839.44;9;1839.44
584;5;4662.52;12;4662.52
585;1;14130.26;20;14130.26
585;2;10527.37;11;10527.37
585;3;6215.05;13;6215.05
585;4;1040.57;11;1040.57
585;5;11260.17;19;11260.17
586;1;7315.43;7;7315.43
586;2;5877.87;14;5877.87
586;3;-5126.32;9;-5126.32
586;4;12193.05;20;12193.05
586;5;17221.96;20;17221.96
587;1;363.85;14;363.85
587;2;8123.38;9;8123.38
587;3;5160.75;11;5160.75
587;4;7689.72;10;7689.72
587;5;-307.00;11;-307.00
588;1;3307.04;13;3307.04
588;2;5111.39;15;5111.39
588;3;3225.30;17;3225.30
588;4;8089.21;12;8089.21
588;5;14355.80;17;14355.80
589;1;-4461.53;14;-4461.53
589;2;541.22;9;541.22
589;3;9416.97;9;9416.97
589;4;9305.29;14;9305.29
589;5;11069.59;15;11069.59
590;1;5098.85;16;5098.85
590;2;3377.95;15;3377.95
590;3;-445.71;14;-445.71
590;4;17105.68;13;17105.68
590;5;8506.18;15;8506.18
591;1;13411.12;14;13411.12
591;2;7438.37;12;7438.37
591;3;510.86;6;510.86
591;4;6578.81;16;6578.81
591;5;1852.36;19;1852.36
592;1;2222.17;15;2222.17
592;2;-1790.81;11;-1790.81
592;3;6595.70;15;6595.70
592;4;5375.43;13;5375.43
592;5;580.48;12;580.48
593;1;4203.48;13;4203.48
593;2;9463.17;14;9463.17
593;3;2529.13;11;2529.13
593;4;9580.61;15;9580.61
593;5;11891.75;14;11891.75
594;1;3940.42;14;3940.42
594;2;4615.07;10;4615.07
594;3;10540.75;16;10540.75
594;4;20078.70;22;20078.70
594;5;5952.47;13;5952.47
595;1;9437.22;17;9437.22
595;2;2396.58;11;2396.58
595;3;4745.43;10;4745.43
595;4;9756.65;14;9756.65
595;5;7070.71;7;7070.71
596;1;7061.88;14;7061.88
596;2;12422.34;14;12422.34
596;3;6170.77;18;6170.77
596;4;4016.63;12;4016.63
596;5;2339.25;16;2339.25
597;1;-1926.56;19;-1926.56
597;2;7497.79;13;7497.79
597;3;14100.96;15;14100.96
597;4;10131.58;12;10131.58
597;5;674.49;12;674.49
598;1;19480.63;24;19480.63
598;2;10778.74;17;10778.74
598;3;2222.25;10;2222.25
598;4;3564.38;12;3564.38
598;5;1263.04;19;1263.04
599;1;5823.92;13;5823.92
599;2;9513.82;11;9513.82
599;3;9012.58;12;9012.58
599;4;12099.22;17;12099.22
599;5;9253.24;18;9253.24
600;1;6615.71;13;6615.71
600;2;694.30;18;694.30
600;3;-563.89;15;-563.89
600;4;10639.88;15;10639.88
600;5;1923.21;9;1923.21
601;1;-1326.41;14;-1326.41
601;2;12685.19;18;12685.19
601;3;12341.90;15;12341.90
601;4;2573.69;15;2573.69
601;5;3471.92;16;3471.92
602;1;4974.63;10;4974.63
602;2;8500.03;19;8500.03
602;3;9440.71;15;9440.71
602;4;7190.99;14;7190.99
602;5;2794.33;9;2794.33
603;1;11053.24;21;11053.24
603;2;12688.27;13;12688.27
603;3;6085.59;11;6085.59
603;4;5563.96;14;5563.96
603;5;12283.08;22;12283.08
604;1;8223.38;14;8223.38
604;2;-252.59;6;-252.59
604;3;8535.70;16;8535.70
604;4;8526.89;10;8526.89
604;5;9416.17;27;9416.17
605;1;12007.42;17;12007.42
605;2;7171.90;10;7171.90
605;3;6073.09;9;6073.09
605;4;11813.98;12;11813.98
605;5;13091.43;15;13091.43
606;1;5717.35;23;5717.35
606;2;1305.97;10;1305.97
606;3;998.20;14;998.20
606;4;5468.56;20;5468.56
606;5;-596.50;10;-596.50
607;1;10843.48;22;10843.48
607;2;8196.13;14;8196.13
607;3;3300.12;16;3300.12
607;4;8609.60;16;8609.60
607;5;6167.05;10;6167.05
608;1;5475.55;12;5475.55
608;2;7376.89;16;7376.89
608;3;2408.12;13;2408.12
608;4;13489.71;16;13489.71
608;5;9361.06;14;9361.06
609;1;16240.37;19;16240.37
609;2;15197.53;12;15197.53
609;3;-2571.67;4;-2571.67
609;4;4924.77;16;4924.77
609;5;10368.71;17;10368.71
610;1;8737.11;9;8737.11
610;2;12772.46;24;12772.46
610;3;7025.95;12;7025.95
610;4;3646.10;9;3646.10
610;5;-278.47;10;-278.47
611;1;3899.42;7;3899.42
611;2;10797.12;15;10797.12
611;3;-233.39;9;-233.39
611;4;1500.56;19;1500.56
611;5;17622.92;15;17622.92
612;1;-3253.31;12;-3253.31
612;2;17471.07;15;17471.07
612;3;10272.99;15;10272.99
612;4;9915.54;11;9915.54
612;5;4470.34;8;4470.34
613;1;8586.45;17;8586.45
613;2;5546.62;12;5546.62
613;3;2596.39;12;2596.39
613;4;952.69;11;952.69
613;5;8140.10;8;8140.10
614;1;-548.00;15;-548.00
614;2;-3428.97;7;-3428.97
614;3;-119.02;9;-119.02
614;4;3219.78;10;3219.78
614;5;10164.31;17;10164.31
615;1;4430.15;15;4430.15
615;2;12554.82;16;12554.82
615;3;7748.49;16;7748.49
615;4;6836.63;12;6836.63
615;5;11380.35;18;11380.35
616;1;6026.50;10;6026.50
616;2;5832.98;16;5832.98
616;3;14500.66;16;14500.66
616;4;13864.91;13;13864.91
616;5;7362.30;15;7362.30
617;1;10529.26;11;10529.26
617;2;15994.39;18;15994.39
617;3;6793.24;18;6793.24
617;4;3330.39;10;3330.39
617;5;13646.33;16;13646.33
618;1;3386.70;9;3386.70
618;2;7520.79;12;7520.79
618;3;1518.44;14;1518.44
618;4;6972.45;9;6972.45
618;5;9486.55;11;9486.55
619;1;8431.27;9;8431.27
619;2;7580.63;8;7580.63
619;3;5615.80;12;5615.80
619;4;1448.82;6;1448.82
619;5;5954.74;11;5954.74
620;1;4857.96;13;4857.96
620;2;2847.29;14;2847.29
620;3;2536.43;14;2536.43
620;4;12154.82;15;12154.82
620;5;11980.19;12;11980.19
621;1;13814.42;17;13814.42
621;2;6902.12;15;6902.12
621;3;4386.11;6;4386.11
621;4;641.58;15;641.58
621;5;8715.76;16;8715.76
622;1;6672.35;15;6672.35
622;2;323.42;13;323.42
622;3;9797.98;17;9797.98
622;4;7593.42;20;7593.42
622;5;210.29;9;210.29
623;1;3675.33;12;3675.33
623;2;6615.82;18;6615.82
623;3;3763.21;12;3763.21
623;4;-2967.58;13;-2967.58
623;5;6199.13;17;6199.13
624;1;5534.66;17;5534.66
624;2;2209.47;15;2209.47
624;3;8991.23;17;8991.23
624;4;2847.80;13;2847.80
624;5;11571.39;18;11571.39
625;1;-959.31;6;-959.31
625;2;932.61;10;932.61
625;3;2618.97;12;2618.97
625;4;1589.87;12;1589.87
625;5;748.42;11;748.42
626;1;3502.27;18;3502.27
626;2;13404.70;18;13404.70
626;3;7350.41;15;7350.41
626;4;3359.21;10;3359.21
626;5;11339.43;14;11339.43
627;1;7762.15;12;7762.15
627;2;-166.87;3;-166.87
627;3;13004.23;12;13004.23
627;4;4177.72;17;4177.72
627;5;1372.10;12;1372.10
628;1;7543.30;18;7543.30
628;2;874.29;9;874.29
628;3;6695.03;13;6695.03
628;4;3999.15;11;3999.15
628;5;10487.25;17;10487.25
629;1;6882.11;13;6882.11
629;2;5081.29;8;5081.29
629;3;2863.81;8;2863.81
629;4;4368.40;10;4368.40
629;5;-839.78;18;-839.78
630;1;14592.69;16;14592.69
630;2;12517.22;10;12517.22
630;3;9359.40;9;9359.40
630;4;940.93;14;940.93
630;5;14687.19;15;14687.19
631;1;2177.28;18;2177.28
631;2;8065.80;17;8065.80
631;3;6247.29;14;6247.29
631;4;4939.14;16;4939.14
631;5;7157.16;13;7157.16
632;1;1261.22;16;1261.22
632;2;1114.61;9;1114.61
632;3;6298.17;11;6298.17
632;4;2614.47;17;2614.47
632;5;676.85;10;676.85
633;1;2009.21;18;2009.21
633;2;1667.43;4;1667.43
633;3;11586.72;12;11586.72
633;4;7597.08;18;7597.08
633;5;3851.86;22;3851.86
634;1;11338.50;14;11338.50
634;2;920.12;14;920.12
634;3;4615.73;20;4615.73
634;4;7712.15;11;7712.15
634;5;-479.79;9;-479.79
635;1;15656.14;14;15656.14
635;2;3808.08;8;3808.08
635;3;6313.03;9;6313.03
635;4;-1185.38;7;-1185.38
635;5;9915.90;15;9915.90
636;1;11031.67;12;11031.67
636;2;4615.54;10;4615.54
636;3;15705.72;14;15705.72
636;4;4407.34;13;4407.34
636;5;1628.53;6;1628.53
637;1;7140.83;19;7140.83
637;2;19777.96;14;19777.96
637;3;6514.43;15;6514.43
637;4;2623.23;16;2623.23
637;5;9300.41;15;9300.41
638;1;2556.17;17;2556.17
638;2;10171.81;20;10171.81
638;3;7154.43;13;7154.43
638;4;13098.52;13;13098.52
638;5;1618.34;11;1618.34
639;1;4399.95;9;4399.95
639;2;4528.28;11;4528.28
639;3;-4210.56;15;-4210.56
639;4;3293.63;13;3293.63
639;5;3216.17;8;3216.17
640;1;4339.24;15;4339.24
640;2;2553.40;15;2553.40
640;3;6249.19;12;6249.19
640;4;16516.68;13;16516.68
640;5;12247.83;17;12247.83
641;1;12600.21;10;12600.21
641;2;4493.47;16;4493.47
641;3;-1940.42;14;-1940.42
641;4;5771.29;11;5771.29
641;5;3122.74;15;3122.74
642;1;8467.63;14;8467.63
642;2;-145.90;9;-145.90
642;3;6656.16;14;6656.16
642;4;12149.73;15;12149.73
642;5;6052.43;11;6052.43
643;1;5101.79;13;5101.79
643;2;5895.63;13;5895.63
643;3;12493.07;12;12493.07
643;4;1302.32;14;1302.32
643;5;12271.79;13;12271.79
644;1;2952.95;19;2952.95
644;2;9447.35;13;9447.35
644;3;375.99;14;375.99
644;4;3732.71;14;3732.71
644;5;8266.99;13;8266.99
645;1;13304.69;13;13304.69
645;2;14685.94;21;14685.94
645;3;9156.15;10;9156.15
645;4;2055.47;13;2055.47
645;5;305.18;9;305.18
646;1;8800.15;17;8800.15
646;2;2476.47;10;2476.47
646;3;11175.16;13;11175.16
646;4;-131.87;19;-131.87
646;5;-514.28;15;-514.28
647;1;365.70;12;365.70
647;2;7980.68;13;7980.68
647;3;8691.75;20;8691.75
647;4;12148.54;15;12148.54
647;5;7431.60;20;7431.60
648;1;14933.81;16;14933.81
648;2;8428.41;12;8428.41
648;3;-209.49;6;-209.49
648;4;6863.94;12;6863.94
648;5;4451.25;13;4451.25
649;1;2995.38;14;2995.38
649;2;8949.11;16;8949.11
649;3;4942.84;19;4942.84
649;4;4516.86;11;4516.86
649;5;9344.24;8;9344.24
650;1;2914.94;8;2914.94
650;2;7356.39;17;7356.39
650;3;8814.77;10;8814.77
650;4;5850.34;9;5850.34
650;5;6680.07;16;6680.07
651;1;7430.83;9;7430.83
651;2;-2787.36;15;-2787.36
651;3;2136.11;7;2136.11
651;4;6101.87;18;6101.87
651;5;-3462.92;16;-3462.92
652;1;4239.11;15;4239.11
652;2;5222.80;9;5222.80
652;3;16923.20;13;16923.20
652;4;5940.34;17;5940.34
652;5;7921.96;11;7921.96
653;1;14861.78;21;14861.78
653;2;1872.94;16;1872.94
653;3;12134.06;12;12134.06
653;4;5993.78;13;5993.78
653;5;6895.06;12;6895.06
654;1;12301.02;17;12301.02
654;2;5263.39;15;5263.39
654;3;635.55;11;635.55
654;4;11354.45;13;11354.45
654;5;10541.08;20;10541.08
655;1;3257.70;14;3257.70
655;2;19839.41;16;19839.41
655;3;2820.75;21;2820.75
655;4;9426.94;14;9426.94
655;5;2205.00;14;2205.00
656;1;5045.36;10;5045.36
656;2;8216.26;13;8216.26
656;3;2321.10;12;2321.10
656;4;4674.49;16;4674.49
656;5;15777.65;18;15777.65
657;1;6678.51;16;6678.51
657;2;6112.48;19;6112.48
657;3;6173.84;16;6173.84
657;4;4846.32;11;4846.32
657;5;2296.70;14;2296.70
658;1;17362.62;18;17362.62
658;2;8990.64;14;8990.64
658;3;6823.07;13;6823.07
658;4;5055.45;7;5055.45
658;5;-6846.00;18;-6846.00
659;1;1311.29;9;1311.29
659;2;15257.16;20;15257.16
659;3;6632.83;12;6632.83
659;4;-1808.84;15;-1808.84
659;5;12846.44;15;12846.44
660;1;5309.36;13;5309.36
660;2;4880.59;9;4880.59
660;3;4591.07;14;4591.07
660;4;7686.39;17;7686.39
660;5;271.51;8;271.51
661;1;12011.88;13;12011.88
661;2;698.39;7;698.39
661;3;735.45;15;735.45
661;4;8392.70;14;8392.70
661;5;12367.41;15;12367.41
662;1;384.32;14;384.32
662;2;14413.31;15;14413.31
662;3;-23.44;11;-23.44
662;4;6558.60;14;6558.60
662;5;6729.03;15;6729.03
663;1;2698.86;14;2698.86
663;2;2974.08;16;2974.08
663;3;6271.07;11;6271.07
663;4;14157.13;12;14157.13
663;5;56.22;12;56.22
664;1;3100.07;7;3100.07
664;2;20351.38;27;20351.38
664;3;6236.10;13;6236.10
664;4;7085.09;17;7085.09
664;5;8326.95;9;8326.95
665;1;1695.15;12;1695.15
665;2;1997.07;11;1997.07
665;3;2359.57;11;2359.57
665;4;1755.57;20;1755.57
665;5;14847.40;13;14847.40
666;1;23891.82;20;23891.82
666;2;6091.09;9;6091.09
666;3;21256.73;22;21256.73
666;4;4724.77;13;4724.77
666;5;9350.69;13;9350.69
667;1;6547.82;7;6547.82
667;2;15507.77;14;15507.77
667;3;1289.86;10;1289.86
667;4;2911.29;18;2911.29
667;5;2426.99;16;2426.99
668;1;-1967.66;9;-1967.66
668;2;8276.96;11;8276.96
668;3;7368.72;15;7368.72
668;4;9797.98;13;9797.98
668;5;8551.09;16;8551.09
669;1;19417.46;13;19417.46
669;2;899.51;11;899.51
669;3;387.34;10;387.34
669;4;-886.59;11;-886.59
669;5;7434.92;14;7434.92
670;1;1481.02;12;1481.02
670;2;4966.53;15;4966.53
670;3;3704.14;12;3704.14
670;4;6307.17;15;6307.17
670;5;3745.79;11;3745.79
671;1;-1267.83;13;-1267.83
671;2;2535.87;11;2535.87
671;3;5230.91;17;5230.91
671;4;3936.08;15;3936.08
671;5;3282.99;17;3282.99
672;1;1727.80;16;1727.80
672;2;6827.66;16;6827.66
672;3;10925.66;16;10925.66
672;4;3722.20;13;3722.20
672;5;18364.17;14;18364.17
673;1;3171.77;10;3171.77
673;2;10512.44;12;10512.44
673;3;10036.40;13;10036.40
673;4;7586.27;15;7586.27
673;5;5155.18;13;5155.18
674;1;14361.98;19;14361.98
674;2;5022.99;21;5022.99
674;3;5938.86;13;5938.86
674;4;6322.87;14;6322.87
674;5;9331.67;11;9331.67
675;1;2409.58;13;2409.58
675;2;5998.46;12;5998.46
675;3;5374.43;15;5374.43
675;4;14512.19;11;14512.19
675;5;-1297.11;11;-1297.11
676;1;14459.38;17;14459.38
676;2;-512.26;14;-512.26
676;3;4487.73;11;4487.73
676;4;917.10;13;917.10
676;5;368.05;12;368.05
677;1;6410.55;15;6410.55
677;2;3997.19;22;3997.19
677;3;2534.27;4;2534.27
677;4;4929.49;11;4929.49
677;5;19969.96;18;19969.96
678;1;3897.37;14;3897.37
678;2;6930.22;15;6930.22
678;3;12476.10;16;12476.10
678;4;6500.55;13;6500.55
678;5;11707.99;18;11707.99
679;1;1294.72;11;1294.72
679;2;12162.29;12;12162.29
679;3;5813.56;18;5813.56
679;4;1655.22;13;1655.22
679;5;4861.43;9;4861.43
680;1;-639.10;19;-639.10
680;2;5017.77;13;5017.77
680;3;6306.41;11;6306.41
680;4;4272.76;17;4272.76
680;5;4546.96;14;4546.96
681;1;7165.54;15;7165.54
681;2;4323.05;18;4323.05
681;3;9259.75;14;9259.75
681;4;2810.22;18;2810.22
681;5;1546.80;20;1546.80
682;1;14730.40;17;14730.40
682;2;7770.28;12;7770.28
682;3;3585.56;13;3585.56
682;4;5108.75;12;5108.75
682;5;6385.88;19;6385.88
683;1;3713.66;10;3713.66
683;2;3631.98;12;3631.98
683;3;380.72;8;380.72
683;4;5788.38;11;5788.38
683;5;1363.26;13;1363.26
684;1;15710.17;16;15710.17
684;2;12843.83;10;12843.83
684;3;8151.77;11;8151.77
684;4;1485.34;12;1485.34
684;5;1735.83;9;1735.83
685;1;6066.11;20;6066.11
685;2;1238.31;13;1238.31
685;3;8303.61;11;8303.61
685;4;2103.76;11;2103.76
685;5;-700.79;11;-700.79
686;1;5248.62;10;5248.62
686;2;-716.28;15;-716.28
686;3;2178.14;18;2178.14
686;4;4974.99;12;4974.99
686;5;11653.62;11;11653.62
687;1;4049.20;16;4049.20
687;2;2240.56;6;2240.56
687;3;3443.01;12;3443.01
687;4;1291.70;9;1291.70
687;5;2364.58;15;2364.58
688;1;4482.42;11;4482.42
688;2;2305.81;18;2305.81
688;3;2462.70;19;2462.70
688;4;8888.96;15;8888.96
688;5;112.07;12;112.07
689;1;1595.12;10;1595.12
689;2;12728.43;22;12728.43
689;3;5358.32;16;5358.32
689;4;368.45;16;368.45
689;5;5010.50;14;5010.50
690;1;15751.05;17;15751.05
690;2;6234.80;11;6234.80
690;3;2941.80;9;2941.80
690;4;739.69;12;739.69
690;5;5142.90;8;5142.90
691;1;4310.57;10;4310.57
691;2;8677.19;11;8677.19
691;3;2974.71;11;2974.71
691;4;8100.77;13;8100.77
691;5;7789.05;13;7789.05
692;1;1772.35;9;1772.35
692;2;572.13;9;572.13
692;3;9263.30;10;9263.30
692;4;15098.60;15;15098.60
692;5;10402.72;14;10402.72
693;1;8364.88;17;8364.88
693;2;5809.25;12;5809.25
693;3;-3092.79;10;-3092.79
693;4;-582.02;15;-582.02
693;5;9369.50;9;9369.50
694;1;11605.25;20;11605.25
694;2;9825.01;11;9825.01
694;3;6282.42;14;6282.42
694;4;12171.08;11;12171.08
694;5;6375.42;13;6375.42
695;1;7969.50;12;7969.50
695;2;1685.04;10;1685.04
695;3;9172.59;12;9172.59
695;4;9113.19;7;9113.19
695;5;362.90;11;362.90
696;1;4551.76;10;4551.76
696;2;8542.67;19;8542.67
696;3;8498.76;11;8498.76
696;4;21624.08;14;21624.08
696;5;-517.87;15;-517.87
697;1;1995.72;10;1995.72
697;2;5876.09;11;5876.09
697;3;18957.46;21;18957.46
697;4;12889.21;20;12889.21
697;5;8098.08;6;8098.08
698;1;4909.69;18;4909.69
698;2;7550.07;14;7550.07
698;3;648.43;8;648.43
698;4;6094.76;16;6094.76
698;5;14575.99;16;14575.99
699;1;7338.23;17;7338.23
699;2;11480.70;13;11480.70
699;3;-6683.95;12;-6683.95
699;4;1958.90;11;1958.90
699;5;4723.88;13;4723.88
700;1;5866.41;21;5866.41
700;2;12046.76;23;12046.76
700;3;12017.68;11;12017.68
700;4;6051.99;6;6051.99
700;5;450.66;10;450.66
701;1;10212.39;16;10212.39
701;2;11523.25;20;11523.25
701;3;10238.98;13;10238.98
701;4;3268.90;14;3268.90
701;5;15223.82;17;15223.82
702;1;10020.04;17;10020.04
702;2;7860.20;20;7860.20
702;3;24879.26;21;24879.26
702;4;11509.16;18;11509.16
702;5;11872.86;16;11872.86
703;1;4691.74;12;4691.74
703;2;2840.95;14;2840.95
703;3;-3935.28;19;-3935.28
703;4;1633.69;11;1633.69
703;5;8743.16;11;8743.16
704;1;3682.14;15;3682.14
704;2;8360.75;12;8360.75
704;3;2075.57;17;2075.57
704;4;5305.29;10;5305.29
704;5;3041.17;15;3041.17
705;1;5650.38;11;5650.38
705;2;12859.13;13;12859.13
705;3;6161.38;7;6161.38
705;4;13935.45;13;13935.45
705;5;15627.58;19;15627.58
706;1;1117.73;16;1117.73
706;2;17583.06;17;17583.06
706;3;8502.52;11;8502.52
706;4;4555.45;10;4555.45
706;5;4943.38;13;4943.38
707;1;897.07;17;897.07
707;2;13683.99;19;13683.99
707;3;2207.66;12;2207.66
707;4;2559.84;18;2559.84
707;5;12846.21;15;12846.21
708;1;10936.84;15;10936.84
708;2;-758.99;9;-758.99
708;3;7349.16;15;7349.16
708;4;588.67;15;588.67
708;5;-1317.09;13;-1317.09
709;1;1996.19;16;1996.19
709;2;2885.48;12;2885.48
709;3;21950.02;20;21950.02
709;4;7032.73;15;7032.73
709;5;9069.46;18;9069.46
710;1;-1984.92;10;-1984.92
710;2;3511.72;13;3511.72
710;3;7461.89;12;7461.89
710;4;4046.42;12;4046.42
710;5;2276.92;12;2276.92
711;1;12467.26;14;12467.26
711;2;2291.55;13;2291.55
711;3;8878.35;12;8878.35
711;4;6882.85;17;6882.85
711;5;6945.40;14;6945.40
712;1;-1117.09;10;-1117.09
712;2;8665.04;18;8665.04
712;3;2242.74;13;2242.74
712;4;3290.27;9;3290.27
712;5;7260.52;10;7260.52
713;1;12305.61;13;12305.61
713;2;12872.33;16;12872.33
713;3;-861.07;14;-861.07
713;4;5837.19;14;5837.19
713;5;-229.64;14;-229.64
714;1;17007.05;14;17007.05
714;2;3657.22;13;3657.22
714;3;15294.21;18;15294.21
714;4;13266.21;14;13266.21
714;5;1109.21;15;1109.21
715;1;6118.32;14;6118.32
715;2;7189.45;14;7189.45
715;3;1368.44;12;1368.44
715;4;2393.46;11;2393.46
715;5;13044.57;22;13044.57
716;1;10280.53;19;10280.53
716;2;3713.99;17;3713.99
716;3;6928.15;14;6928.15
716;4;3210.25;13;3210.25
716;5;9496.82;16;9496.82
717;1;5500.10;18;5500.10
717;2;3950.83;12;3950.83
717;3;3576.49;12;3576.49
717;4;5077.31;7;5077.31
717;5;-547.96;9;-547.96
718;1;1572.33;18;1572.33
718;2;9597.68;13;9597.68
718;3;1421.06;9;1421.06
718;4;7117.85;13;7117.85
718;5;5536.68;13;5536.68
719;1;16986.89;16;16986.89
719;2;5883.27;13;5883.27
719;3;8678.06;11;8678.06
719;4;-923.88;12;-923.88
719;5;4491.17;15;4491.17
720;1;9628.06;14;9628.06
720;2;1357.42;14;1357.42
720;3;900.93;15;900.93
720;4;-1566.99;14;-1566.99
720;5;6390.50;12;6390.50
721;1;9949.05;17;9949.05
721;2;6310.67;15;6310.67
721;3;3337.61;15;3337.61
721;4;16349.16;19;16349.16
721;5;5409.24;8;5409.24
722;1;4740.56;12;4740.56
722;2;-3617.41;8;-3617.41
722;3;10128.09;14;10128.09
722;4;11991.58;19;11991.58
722;5;1628.54;12;1628.54
723;1;842.62;23;842.62
723;2;5581.78;6;5581.78
723;3;20382.17;15;20382.17
723;4;9986.70;18;9986.70
723;5;6758.21;14;6758.21
724;1;8278.44;11;8278.44
724;2;6297.68;16;6297.68
724;3;6553.21;15;6553.21
724;4;2197.39;11;2197.39
724;5;12931.27;12;12931.27
725;1;-48.42;15;-48.42
725;2;17682.82;15;17682.82
725;3;2973.76;17;2973.76
725;4;5104.52;10;5104.52
725;5;9730.96;11;9730.96
726;1;-1506.28;14;-1506.28
726;2;3149.69;10;3149.69
726;3;2150.28;12;2150.28
726;4;21961.87;17;21961.87
726;5;13242.94;14;13242.94
727;1;-4674.41;18;-4674.41
727;2;1402.53;16;1402.53
727;3;18238.68;23;18238.68
727;4;11150.30;24;11150.30
727;5;12996.88;14;12996.88
728;1;701.60;19;701.60
728;2;-3939.84;15;-3939.84
728;3;5203.70;16;5203.70
728;4;-5648.80;14;-5648.80
728;5;12319.76;18;12319.76
729;1;4718.38;10;4718.38
729;2;8422.72;14;8422.72
729;3;6846.68;9;6846.68
729;4;7374.25;17;7374.25
729;5;10808.22;14;10808.22
730;1;4786.70;10;4786.70
730;2;3859.10;13;3859.10
730;3;-748.45;8;-748.45
730;4;9584.50;12;9584.50
730;5;8599.03;10;8599.03
731;1;10077.96;20;10077.96
731;2;4877.68;8;4877.68
731;3;6334.79;21;6334.79
731;4;-726.74;9;-726.74
731;5;9255.44;19;9255.44
